pred_a,pred_b,trace_name,MPKI_A,MPKI_B,delta
Baseline,LVCP,int_11_trace,4.2059,3.9954,0.2104999999999997
Baseline,LVCP,int_10_trace,0.5363,0.525,0.011299999999999977
Baseline,LVCP,infra_7_trace,1.4983,1.2093,0.2889999999999999
Baseline,LVCP,infra_6_trace,1.2642,1.2138,0.0504
Baseline,LVCP,compress_3_trace,8.2499,8.1504,0.09950000000000081
Baseline,LVCP,compress_2_trace,1.4826,1.4219,0.060699999999999976
Baseline,LVCP,web_21_trace,1.7274,1.5863,0.1411
Baseline,LVCP,web_20_trace,4.218,3.2987,0.9192999999999998
Baseline,LVCP,int_5_trace,2.855,2.8042,0.05080000000000018
Baseline,LVCP,int_4_trace,4.1379,3.8723,0.26560000000000006
Baseline,LVCP,web_15_trace,6.1054,5.1507,0.9547000000000008
Baseline,LVCP,web_14_trace,3.6627,3.4933,0.1694
Baseline,LVCP,web_0_trace,1.3961,1.3157,0.0803999999999998
Baseline,LVCP,web_1_trace,3.5186,3.1357,0.38290000000000024
Baseline,LVCP,int_25_trace,1.3243,1.3277,-0.0034000000000000696
Baseline,LVCP,int_24_trace,0.5662,0.4979,0.06830000000000003
Baseline,LVCP,fp_9_trace,4.5518,4.1005,0.4512999999999998
Baseline,LVCP,fp_8_trace,7.8738,6.6877,1.1860999999999997
Baseline,LVCP,fp_3_trace,2.0315,2.0291,0.0023999999999997357
Baseline,LVCP,fp_2_trace,2.5615,2.5381,0.023400000000000087
Baseline,LVCP,int_32_trace,6.9551,6.6835,0.2715999999999994
Baseline,LVCP,int_33_trace,7.9877,7.6336,0.35409999999999986
Baseline,LVCP,fp_4_trace,0.5736,0.5457,0.027900000000000036
Baseline,LVCP,fp_5_trace,0.9364,0.9302,0.006199999999999983
Baseline,LVCP,int_35_trace,2.4647,2.3653,0.09940000000000015
Baseline,LVCP,int_34_trace,3.0703,2.8241,0.24619999999999997
Baseline,LVCP,web_18_trace,2.8461,2.7595,0.08659999999999979
Baseline,LVCP,web_19_trace,6.0075,5.1496,0.8578999999999999
Baseline,LVCP,fp_13_trace,12.6898,11.952,0.7378
Baseline,LVCP,fp_12_trace,1.2157,0.8073,0.4084
Baseline,LVCP,int_16_trace,8.1253,5.8167,2.3085999999999993
Baseline,LVCP,int_17_trace,6.3949,4.8546,1.5403000000000002
Baseline,LVCP,infra_0_trace,1.2832,0.9872,0.29599999999999993
Baseline,LVCP,infra_1_trace,0.3574,0.2923,0.06509999999999999
Baseline,LVCP,compress_4_trace,1.8228,1.7475,0.07529999999999992
Baseline,LVCP,compress_5_trace,1.9322,1.8485,0.08369999999999989
Baseline,LVCP,int_28_trace,3.6745,3.3205,0.3540000000000001
Baseline,LVCP,int_29_trace,12.4572,11.376,1.0812000000000008
Baseline,LVCP,int_2_trace,10.9652,10.0902,0.875
Baseline,LVCP,int_3_trace,0.8818,0.8552,0.026600000000000068
Baseline,LVCP,web_12_trace,4.4363,3.9974,0.4389000000000003
Baseline,LVCP,web_13_trace,3.3938,2.9187,0.4751000000000003
Baseline,LVCP,web_7_trace,7.7526,6.1216,1.6310000000000002
Baseline,LVCP,web_6_trace,4.8893,4.6256,0.26370000000000005
Baseline,LVCP,media_3_trace,1.3813,1.3927,-0.011400000000000077
Baseline,LVCP,media_2_trace,0.5317,0.5296,0.0020999999999999908
Baseline,LVCP,infra_11_trace,1.0885,1.0022,0.08630000000000004
Baseline,LVCP,int_8_trace,7.1931,5.8525,1.3406000000000002
Baseline,LVCP,infra_10_trace,5.3543,5.2171,0.1372
Baseline,LVCP,int_9_trace,4.8555,3.7634,1.0921000000000003
Baseline,LVCP,int_22_trace,5.3965,4.8609,0.5355999999999996
Baseline,LVCP,int_23_trace,3.4824,3.4064,0.07600000000000007
Baseline,LVCP,fp_0_trace,3.227,3.2399,-0.012900000000000134
Baseline,LVCP,fp_1_trace,15.5816,15.5856,-0.0039999999999995595
Baseline,LVCP,int_31_trace,0.8411,0.8205,0.02059999999999995
Baseline,LVCP,int_30_trace,12.9427,11.7655,1.177200000000001
Baseline,LVCP,web_16_trace,1.8538,1.6099,0.24389999999999978
Baseline,LVCP,web_17_trace,1.7267,1.4879,0.2387999999999999
Baseline,LVCP,int_18_trace,0.8474,0.7882,0.05920000000000003
Baseline,LVCP,int_19_trace,0.8482,0.7913,0.05689999999999995
Baseline,LVCP,infra_15_trace,8.4547,8.3267,0.1280000000000001
Baseline,LVCP,infra_14_trace,5.4033,5.2684,0.13490000000000002
Baseline,LVCP,web_3_trace,3.979,3.6024,0.37660000000000027
Baseline,LVCP,web_2_trace,4.166,3.8193,0.34670000000000023
Baseline,LVCP,int_26_trace,1.3377,1.2961,0.04159999999999986
Baseline,LVCP,int_27_trace,0.8728,0.8447,0.028100000000000014
Baseline,LVCP,int_12_trace,0.4566,0.3669,0.0897
Baseline,LVCP,int_13_trace,0.9248,0.8864,0.03839999999999999
Baseline,LVCP,infra_4_trace,2.479,1.8311,0.6479000000000001
Baseline,LVCP,infra_5_trace,2.2119,2.0907,0.12119999999999997
Baseline,LVCP,compress_0_trace,3.2681,3.1984,0.0697000000000001
Baseline,LVCP,compress_1_trace,1.6834,1.612,0.07139999999999991
Baseline,LVCP,web_22_trace,3.3895,3.2715,0.11799999999999988
Baseline,LVCP,web_23_trace,1.1539,1.0186,0.13529999999999998
Baseline,LVCP,web_9_trace,2.9326,2.5072,0.4253999999999998
Baseline,LVCP,web_8_trace,5.1087,4.6254,0.48329999999999984
Baseline,LVCP,int_6_trace,2.9584,2.874,0.08440000000000003
Baseline,LVCP,int_7_trace,5.7589,4.4331,1.3258
Baseline,LVCP,infra_9_trace,4.5907,4.5513,0.03939999999999966
Baseline,LVCP,infra_8_trace,1.2568,1.2484,0.008399999999999963
Baseline,LVCP,web_11_trace,5.7895,4.7179,1.0716
Baseline,LVCP,web_10_trace,3.366,2.8788,0.4872000000000001
Baseline,LVCP,web_4_trace,4.4385,4.0909,0.3475999999999999
Baseline,LVCP,web_5_trace,4.7119,4.32,0.3918999999999997
Baseline,LVCP,media_0_trace,1.1764,1.1808,-0.0044000000000001815
Baseline,LVCP,media_1_trace,1.159,1.1521,0.006900000000000128
Baseline,LVCP,infra_12_trace,1.0706,0.9932,0.07740000000000002
Baseline,LVCP,infra_13_trace,4.2404,4.0586,0.18179999999999996
Baseline,LVCP,int_21_trace,24.1502,23.5688,0.5814000000000021
Baseline,LVCP,int_20_trace,2.7912,2.358,0.4331999999999998
Baseline,LVCP,int_15_trace,0.4788,0.4652,0.013600000000000001
Baseline,LVCP,int_14_trace,0.3966,0.3692,0.027400000000000035
Baseline,LVCP,infra_3_trace,1.0632,0.8049,0.2583
Baseline,LVCP,infra_2_trace,0.4838,0.4288,0.05499999999999999
Baseline,LVCP,fp_10_trace,2.1174,1.9704,0.14700000000000002
Baseline,LVCP,fp_11_trace,0.6989,0.6056,0.09329999999999994
Baseline,LVCP,web_25_trace,6.3793,5.8123,0.5670000000000002
Baseline,LVCP,web_24_trace,2.0456,1.7205,0.32509999999999994
Baseline,LVCP,compress_7_trace,2.048,1.9181,0.12990000000000013
Baseline,LVCP,compress_6_trace,1.9036,1.8222,0.08139999999999992
Baseline,LVCP,int_1_trace,11.6458,10.6773,0.9684999999999988
Baseline,LVCP,int_0_trace,5.1327,4.6538,0.47889999999999944
Baseline,LVCP,fp_7_trace,1.1277,1.037,0.0907
Baseline,LVCP,fp_6_trace,1.0193,0.979,0.040300000000000114
Baseline,LVCP,int_36_trace,3.9821,2.9848,0.9973000000000001
Baseline,RVA-Toru,int_11_trace,4.2059,3.8873,0.31859999999999955
Baseline,RVA-Toru,int_10_trace,0.5363,0.4966,0.03970000000000001
Baseline,RVA-Toru,infra_7_trace,1.4983,1.1914,0.30689999999999995
Baseline,RVA-Toru,infra_6_trace,1.2642,1.1585,0.1056999999999999
Baseline,RVA-Toru,compress_3_trace,8.2499,7.6547,0.5952000000000002
Baseline,RVA-Toru,compress_2_trace,1.4826,1.3543,0.12829999999999986
Baseline,RVA-Toru,web_21_trace,1.7274,1.4572,0.2702
Baseline,RVA-Toru,web_20_trace,4.218,3.2357,0.9823
Baseline,RVA-Toru,int_5_trace,2.855,2.7058,0.1492
Baseline,RVA-Toru,int_4_trace,4.1379,3.593,0.5449000000000002
Baseline,RVA-Toru,web_15_trace,6.1054,5.1194,0.9860000000000007
Baseline,RVA-Toru,web_14_trace,3.6627,3.4365,0.22619999999999996
Baseline,RVA-Toru,web_0_trace,1.3961,1.3079,0.08819999999999983
Baseline,RVA-Toru,web_1_trace,3.5186,3.1522,0.36640000000000006
Baseline,RVA-Toru,int_25_trace,1.3243,1.3232,0.001100000000000101
Baseline,RVA-Toru,int_24_trace,0.5662,0.5127,0.05349999999999999
Baseline,RVA-Toru,fp_9_trace,4.5518,4.0783,0.4735000000000005
Baseline,RVA-Toru,fp_8_trace,7.8738,3.6875,4.1863
Baseline,RVA-Toru,fp_3_trace,2.0315,1.8233,0.20819999999999994
Baseline,RVA-Toru,fp_2_trace,2.5615,2.4245,0.137
Baseline,RVA-Toru,int_32_trace,6.9551,6.3313,0.6238000000000001
Baseline,RVA-Toru,int_33_trace,7.9877,7.2565,0.7312000000000003
Baseline,RVA-Toru,fp_4_trace,0.5736,0.5119,0.06169999999999998
Baseline,RVA-Toru,fp_5_trace,0.9364,0.925,0.011399999999999966
Baseline,RVA-Toru,int_35_trace,2.4647,2.0515,0.41320000000000023
Baseline,RVA-Toru,int_34_trace,3.0703,2.7686,0.30169999999999986
Baseline,RVA-Toru,web_18_trace,2.8461,2.6603,0.18579999999999997
Baseline,RVA-Toru,web_19_trace,6.0075,5.0857,0.9218000000000002
Baseline,RVA-Toru,fp_13_trace,12.6898,12.2224,0.4673999999999996
Baseline,RVA-Toru,fp_12_trace,1.2157,1.0294,0.1862999999999999
Baseline,RVA-Toru,int_16_trace,8.1253,5.7002,2.4250999999999996
Baseline,RVA-Toru,int_17_trace,6.3949,4.7567,1.6381999999999994
Baseline,RVA-Toru,infra_0_trace,1.2832,0.9098,0.37339999999999984
Baseline,RVA-Toru,infra_1_trace,0.3574,0.2954,0.062
Baseline,RVA-Toru,compress_4_trace,1.8228,1.6297,0.19310000000000005
Baseline,RVA-Toru,compress_5_trace,1.9322,1.7338,0.1983999999999999
Baseline,RVA-Toru,int_28_trace,3.6745,3.2288,0.4457
Baseline,RVA-Toru,int_29_trace,12.4572,11.4097,1.0474999999999994
Baseline,RVA-Toru,int_2_trace,10.9652,9.2321,1.7330999999999985
Baseline,RVA-Toru,int_3_trace,0.8818,0.776,0.1058
Baseline,RVA-Toru,web_12_trace,4.4363,3.8556,0.5807000000000002
Baseline,RVA-Toru,web_13_trace,3.3938,2.9155,0.47829999999999995
Baseline,RVA-Toru,web_7_trace,7.7526,4.3005,3.4520999999999997
Baseline,RVA-Toru,web_6_trace,4.8893,4.5642,0.32510000000000083
Baseline,RVA-Toru,media_3_trace,1.3813,1.2256,0.15569999999999995
Baseline,RVA-Toru,media_2_trace,0.5317,0.5058,0.025899999999999923
Baseline,RVA-Toru,infra_11_trace,1.0885,0.9728,0.11570000000000003
Baseline,RVA-Toru,int_8_trace,7.1931,5.7914,1.4017
Baseline,RVA-Toru,infra_10_trace,5.3543,5.0157,0.33860000000000046
Baseline,RVA-Toru,int_9_trace,4.8555,3.6499,1.2056
Baseline,RVA-Toru,int_22_trace,5.3965,3.9029,1.4935999999999998
Baseline,RVA-Toru,int_23_trace,3.4824,3.1675,0.3149000000000002
Baseline,RVA-Toru,fp_0_trace,3.227,3.2189,0.008099999999999774
Baseline,RVA-Toru,fp_1_trace,15.5816,14.9323,0.6493000000000002
Baseline,RVA-Toru,int_31_trace,0.8411,0.6026,0.23849999999999993
Baseline,RVA-Toru,int_30_trace,12.9427,11.7569,1.1858000000000004
Baseline,RVA-Toru,web_16_trace,1.8538,1.5812,0.27259999999999995
Baseline,RVA-Toru,web_17_trace,1.7267,1.3943,0.3323999999999998
Baseline,RVA-Toru,int_18_trace,0.8474,0.63,0.21740000000000004
Baseline,RVA-Toru,int_19_trace,0.8482,0.7603,0.08789999999999998
Baseline,RVA-Toru,infra_15_trace,8.4547,8.1676,0.2871000000000006
Baseline,RVA-Toru,infra_14_trace,5.4033,5.0633,0.33999999999999986
Baseline,RVA-Toru,web_3_trace,3.979,3.5768,0.4022000000000001
Baseline,RVA-Toru,web_2_trace,4.166,3.7775,0.3885000000000005
Baseline,RVA-Toru,int_26_trace,1.3377,1.2045,0.13319999999999999
Baseline,RVA-Toru,int_27_trace,0.8728,0.782,0.09079999999999999
Baseline,RVA-Toru,int_12_trace,0.4566,0.4177,0.03889999999999999
Baseline,RVA-Toru,int_13_trace,0.9248,0.8514,0.07339999999999991
Baseline,RVA-Toru,infra_4_trace,2.479,2.0099,0.4691000000000001
Baseline,RVA-Toru,infra_5_trace,2.2119,1.9951,0.21679999999999988
Baseline,RVA-Toru,compress_0_trace,3.2681,3.0968,0.1713
Baseline,RVA-Toru,compress_1_trace,1.6834,1.5125,0.17090000000000005
Baseline,RVA-Toru,web_22_trace,3.3895,3.1805,0.20900000000000007
Baseline,RVA-Toru,web_23_trace,1.1539,0.9431,0.21079999999999988
Baseline,RVA-Toru,web_9_trace,2.9326,2.5137,0.41889999999999983
Baseline,RVA-Toru,web_8_trace,5.1087,4.6201,0.4885999999999999
Baseline,RVA-Toru,int_6_trace,2.9584,2.7427,0.2157
Baseline,RVA-Toru,int_7_trace,5.7589,4.3413,1.4175999999999993
Baseline,RVA-Toru,infra_9_trace,4.5907,4.4829,0.10780000000000012
Baseline,RVA-Toru,infra_8_trace,1.2568,1.2466,0.010199999999999987
Baseline,RVA-Toru,web_11_trace,5.7895,4.644,1.1455000000000002
Baseline,RVA-Toru,web_10_trace,3.366,2.8319,0.5341
Baseline,RVA-Toru,web_4_trace,4.4385,4.0301,0.4084000000000003
Baseline,RVA-Toru,web_5_trace,4.7119,4.3207,0.39119999999999955
Baseline,RVA-Toru,media_0_trace,1.1764,1.033,0.14339999999999997
Baseline,RVA-Toru,media_1_trace,1.159,1.0414,0.11759999999999993
Baseline,RVA-Toru,infra_12_trace,1.0706,0.9525,0.11809999999999998
Baseline,RVA-Toru,infra_13_trace,4.2404,3.8347,0.40569999999999995
Baseline,RVA-Toru,int_21_trace,24.1502,21.6842,2.466000000000001
Baseline,RVA-Toru,int_20_trace,2.7912,2.3305,0.4607000000000001
Baseline,RVA-Toru,int_15_trace,0.4788,0.4318,0.046999999999999986
Baseline,RVA-Toru,int_14_trace,0.3966,0.3713,0.02529999999999999
Baseline,RVA-Toru,infra_3_trace,1.0632,0.6962,0.3669999999999999
Baseline,RVA-Toru,infra_2_trace,0.4838,0.3041,0.17970000000000003
Baseline,RVA-Toru,fp_10_trace,2.1174,1.9757,0.14169999999999994
Baseline,RVA-Toru,fp_11_trace,0.6989,0.5646,0.13429999999999997
Baseline,RVA-Toru,web_25_trace,6.3793,5.7401,0.6391999999999998
Baseline,RVA-Toru,web_24_trace,2.0456,1.6068,0.43879999999999986
Baseline,RVA-Toru,compress_7_trace,2.048,1.8067,0.24130000000000007
Baseline,RVA-Toru,compress_6_trace,1.9036,1.6906,0.21299999999999986
Baseline,RVA-Toru,int_1_trace,11.6458,9.7511,1.8947000000000003
Baseline,RVA-Toru,int_0_trace,5.1327,4.8418,0.2908999999999997
Baseline,RVA-Toru,fp_7_trace,1.1277,0.9805,0.1471999999999999
Baseline,RVA-Toru,fp_6_trace,1.0193,0.9122,0.10710000000000008
Baseline,RVA-Toru,int_36_trace,3.9821,2.9736,1.0085000000000002
Baseline,TAGE-SC-L,int_11_trace,4.2059,4.0381,0.16779999999999973
Baseline,TAGE-SC-L,int_10_trace,0.5363,0.5221,0.01419999999999999
Baseline,TAGE-SC-L,infra_7_trace,1.4983,1.4115,0.08679999999999999
Baseline,TAGE-SC-L,infra_6_trace,1.2642,1.2048,0.0593999999999999
Baseline,TAGE-SC-L,compress_3_trace,8.2499,8.1117,0.13819999999999943
Baseline,TAGE-SC-L,compress_2_trace,1.4826,1.4576,0.02499999999999991
Baseline,TAGE-SC-L,web_21_trace,1.7274,1.5309,0.19650000000000012
Baseline,TAGE-SC-L,web_20_trace,4.218,3.1869,1.0311
Baseline,TAGE-SC-L,int_5_trace,2.855,2.8367,0.018299999999999983
Baseline,TAGE-SC-L,int_4_trace,4.1379,3.7664,0.37150000000000016
Baseline,TAGE-SC-L,web_15_trace,6.1054,5.0656,1.0398000000000005
Baseline,TAGE-SC-L,web_0_trace,1.3961,1.3299,0.06619999999999981
Baseline,TAGE-SC-L,web_1_trace,3.5186,3.2097,0.30889999999999995
Baseline,TAGE-SC-L,int_25_trace,1.3243,1.3109,0.013400000000000079
Baseline,TAGE-SC-L,int_24_trace,0.5662,0.5882,-0.02199999999999991
Baseline,TAGE-SC-L,fp_9_trace,4.5518,4.1115,0.4402999999999997
Baseline,TAGE-SC-L,fp_8_trace,7.8738,7.467,0.4068000000000005
Baseline,TAGE-SC-L,fp_3_trace,2.0315,1.906,0.12549999999999994
Baseline,TAGE-SC-L,fp_2_trace,2.5615,2.5507,0.010800000000000143
Baseline,TAGE-SC-L,int_32_trace,6.9551,6.6269,0.3281999999999998
Baseline,TAGE-SC-L,int_33_trace,7.9877,7.6605,0.3272000000000004
Baseline,TAGE-SC-L,fp_4_trace,0.5736,0.5696,0.0040000000000000036
Baseline,TAGE-SC-L,fp_5_trace,0.9364,0.9369,-0.0004999999999999449
Baseline,TAGE-SC-L,int_35_trace,2.4647,2.2551,0.2096
Baseline,TAGE-SC-L,int_34_trace,3.0703,2.9562,0.11410000000000009
Baseline,TAGE-SC-L,web_18_trace,2.8461,2.7196,0.12650000000000006
Baseline,TAGE-SC-L,web_19_trace,6.0075,5.0555,0.952
Baseline,TAGE-SC-L,fp_13_trace,12.6898,12.4504,0.23939999999999984
Baseline,TAGE-SC-L,fp_12_trace,1.2157,1.0944,0.12129999999999996
Baseline,TAGE-SC-L,int_16_trace,8.1253,5.5268,2.5984999999999996
Baseline,TAGE-SC-L,int_17_trace,6.3949,4.6916,1.7032999999999996
Baseline,TAGE-SC-L,infra_0_trace,1.2832,1.2553,0.027899999999999814
Baseline,TAGE-SC-L,infra_1_trace,0.3574,0.3472,0.010199999999999987
Baseline,TAGE-SC-L,compress_4_trace,1.8228,1.8006,0.022199999999999998
Baseline,TAGE-SC-L,compress_5_trace,1.9322,1.905,0.02719999999999989
Baseline,TAGE-SC-L,int_28_trace,3.6745,3.3954,0.2791000000000001
Baseline,TAGE-SC-L,int_29_trace,12.4572,11.716,0.741200000000001
Baseline,TAGE-SC-L,int_2_trace,10.9652,10.7227,0.24249999999999972
Baseline,TAGE-SC-L,int_3_trace,0.8818,0.8168,0.06500000000000006
Baseline,TAGE-SC-L,web_12_trace,4.4363,3.9415,0.49480000000000013
Baseline,TAGE-SC-L,web_13_trace,3.3938,2.9537,0.44010000000000016
Baseline,TAGE-SC-L,web_7_trace,7.7526,6.009,1.7435999999999998
Baseline,TAGE-SC-L,web_6_trace,4.8893,4.5613,0.3280000000000003
Baseline,TAGE-SC-L,media_3_trace,1.3813,1.2518,0.12949999999999995
Baseline,TAGE-SC-L,media_2_trace,0.5317,0.5065,0.0252
Baseline,TAGE-SC-L,infra_11_trace,1.0885,0.9942,0.09430000000000005
Baseline,TAGE-SC-L,int_8_trace,7.1931,5.7846,1.4085
Baseline,TAGE-SC-L,infra_10_trace,5.3543,5.2213,0.133
Baseline,TAGE-SC-L,int_22_trace,5.3965,4.8095,0.5869999999999997
Baseline,TAGE-SC-L,int_23_trace,3.4824,3.3888,0.09360000000000035
Baseline,TAGE-SC-L,fp_0_trace,3.227,3.2242,0.0027999999999996916
Baseline,TAGE-SC-L,fp_1_trace,15.5816,15.5963,-0.014699999999999491
Baseline,TAGE-SC-L,int_31_trace,0.8411,0.6166,0.22449999999999992
Baseline,TAGE-SC-L,int_30_trace,12.9427,12.1062,0.8365000000000009
Baseline,TAGE-SC-L,web_16_trace,1.8538,1.6055,0.24829999999999997
Baseline,TAGE-SC-L,web_17_trace,1.7267,1.4521,0.27459999999999996
Baseline,TAGE-SC-L,int_18_trace,0.8474,0.7357,0.11170000000000002
Baseline,TAGE-SC-L,int_19_trace,0.8482,0.7515,0.09670000000000001
Baseline,TAGE-SC-L,infra_15_trace,8.4547,8.3148,0.1399000000000008
Baseline,TAGE-SC-L,infra_14_trace,5.4033,5.2755,0.1277999999999997
Baseline,TAGE-SC-L,web_2_trace,4.166,3.7474,0.4186000000000005
Baseline,TAGE-SC-L,int_26_trace,1.3377,1.2387,0.09899999999999998
Baseline,TAGE-SC-L,int_27_trace,0.8728,0.8068,0.06600000000000006
Baseline,TAGE-SC-L,int_12_trace,0.4566,0.424,0.03260000000000002
Baseline,TAGE-SC-L,int_13_trace,0.9248,0.8891,0.035699999999999954
Baseline,TAGE-SC-L,infra_4_trace,2.479,2.4266,0.0524
Baseline,TAGE-SC-L,infra_5_trace,2.2119,2.1961,0.015800000000000036
Baseline,TAGE-SC-L,compress_0_trace,3.2681,3.2129,0.05520000000000014
Baseline,TAGE-SC-L,compress_1_trace,1.6834,1.658,0.02540000000000009
Baseline,TAGE-SC-L,web_22_trace,3.3895,3.2305,0.1589999999999998
Baseline,TAGE-SC-L,web_23_trace,1.1539,1.0101,0.14379999999999993
Baseline,TAGE-SC-L,web_9_trace,2.9326,2.4648,0.4678
Baseline,TAGE-SC-L,web_8_trace,5.1087,4.5731,0.5355999999999996
Baseline,TAGE-SC-L,int_6_trace,2.9584,2.9419,0.01650000000000018
Baseline,TAGE-SC-L,int_7_trace,5.7589,4.3662,1.3926999999999996
Baseline,TAGE-SC-L,infra_9_trace,4.5907,4.5259,0.06479999999999997
Baseline,TAGE-SC-L,infra_8_trace,1.2568,1.2477,0.009099999999999886
Baseline,TAGE-SC-L,web_11_trace,5.7895,4.6736,1.1159
Baseline,TAGE-SC-L,web_10_trace,3.366,2.8395,0.5265
Baseline,TAGE-SC-L,web_4_trace,4.4385,4.0201,0.4184000000000001
Baseline,TAGE-SC-L,web_5_trace,4.7119,4.2642,0.4477000000000002
Baseline,TAGE-SC-L,media_0_trace,1.1764,1.0617,0.1146999999999998
Baseline,TAGE-SC-L,media_1_trace,1.159,1.0357,0.12329999999999997
Baseline,TAGE-SC-L,infra_12_trace,1.0706,0.9739,0.09670000000000001
Baseline,TAGE-SC-L,infra_13_trace,4.2404,4.063,0.17740000000000045
Baseline,TAGE-SC-L,int_21_trace,24.1502,23.7948,0.35540000000000305
Baseline,TAGE-SC-L,int_20_trace,2.7912,2.3512,0.43999999999999995
Baseline,TAGE-SC-L,int_15_trace,0.4788,0.4705,0.00830000000000003
Baseline,TAGE-SC-L,int_14_trace,0.3966,0.3844,0.012199999999999989
Baseline,TAGE-SC-L,infra_3_trace,1.0632,1.0284,0.03479999999999994
Baseline,TAGE-SC-L,infra_2_trace,0.4838,0.4526,0.031200000000000006
Baseline,TAGE-SC-L,fp_10_trace,2.1174,1.9156,0.20179999999999998
Baseline,TAGE-SC-L,fp_11_trace,0.6989,0.628,0.07089999999999996
Baseline,TAGE-SC-L,web_25_trace,6.3793,5.7951,0.5842
Baseline,TAGE-SC-L,web_24_trace,2.0456,1.6777,0.3678999999999999
Baseline,TAGE-SC-L,compress_7_trace,2.048,2.0384,0.009599999999999831
Baseline,TAGE-SC-L,compress_6_trace,1.9036,1.8788,0.024799999999999933
Baseline,TAGE-SC-L,int_1_trace,11.6458,11.4406,0.2051999999999996
Baseline,TAGE-SC-L,int_0_trace,5.1327,5.0346,0.09809999999999963
Baseline,TAGE-SC-L,fp_7_trace,1.1277,1.0028,0.12490000000000001
Baseline,TAGE-SC-L,int_36_trace,3.9821,2.9342,1.0478999999999998
Baseline,TAGE-SCL,int_11_trace,4.2059,3.8809,0.32499999999999973
Baseline,TAGE-SCL,int_10_trace,0.5363,0.5222,0.014100000000000001
Baseline,TAGE-SCL,infra_7_trace,1.4983,1.4041,0.09420000000000006
Baseline,TAGE-SCL,infra_6_trace,1.2642,1.19,0.07420000000000004
Baseline,TAGE-SCL,compress_3_trace,8.2499,7.7625,0.48740000000000006
Baseline,TAGE-SCL,compress_2_trace,1.4826,1.4407,0.041899999999999826
Baseline,TAGE-SCL,web_21_trace,1.7274,1.4569,0.27049999999999996
Baseline,TAGE-SCL,web_20_trace,4.218,3.1562,1.0617999999999999
Baseline,TAGE-SCL,int_5_trace,2.855,2.8235,0.03149999999999986
Baseline,TAGE-SCL,int_4_trace,4.1379,3.6946,0.44330000000000025
Baseline,TAGE-SCL,web_15_trace,6.1054,5.0241,1.0813000000000006
Baseline,TAGE-SCL,web_14_trace,3.6627,3.3625,0.30020000000000024
Baseline,TAGE-SCL,web_0_trace,1.3961,1.3052,0.09089999999999998
Baseline,TAGE-SCL,web_1_trace,3.5186,3.1889,0.3297000000000003
Baseline,TAGE-SCL,int_25_trace,1.3243,1.3297,-0.005400000000000071
Baseline,TAGE-SCL,int_24_trace,0.5662,0.5115,0.05470000000000008
Baseline,TAGE-SCL,fp_9_trace,4.5518,4.1168,0.4350000000000005
Baseline,TAGE-SCL,fp_8_trace,7.8738,7.3856,0.48819999999999997
Baseline,TAGE-SCL,fp_3_trace,2.0315,1.8767,0.15479999999999983
Baseline,TAGE-SCL,fp_2_trace,2.5615,2.5338,0.02770000000000028
Baseline,TAGE-SCL,int_32_trace,6.9551,6.3487,0.6063999999999998
Baseline,TAGE-SCL,int_33_trace,7.9877,7.4416,0.5461
Baseline,TAGE-SCL,fp_4_trace,0.5736,0.5247,0.048899999999999944
Baseline,TAGE-SCL,fp_5_trace,0.9364,0.9252,0.011199999999999988
Baseline,TAGE-SCL,int_35_trace,2.4647,2.0167,0.44799999999999995
Baseline,TAGE-SCL,int_34_trace,3.0703,2.8455,0.2248000000000001
Baseline,TAGE-SCL,web_18_trace,2.8461,2.7095,0.13660000000000005
Baseline,TAGE-SCL,fp_13_trace,12.6898,12.3153,0.3744999999999994
Baseline,TAGE-SCL,fp_12_trace,1.2157,1.0969,0.11880000000000002
Baseline,TAGE-SCL,int_16_trace,8.1253,5.8279,2.2973999999999997
Baseline,TAGE-SCL,int_17_trace,6.3949,4.8436,1.5512999999999995
Baseline,TAGE-SCL,infra_0_trace,1.2832,1.2453,0.03789999999999982
Baseline,TAGE-SCL,infra_1_trace,0.3574,0.3743,-0.016900000000000026
Baseline,TAGE-SCL,compress_4_trace,1.8228,1.7816,0.0411999999999999
Baseline,TAGE-SCL,compress_5_trace,1.9322,1.882,0.05020000000000002
Baseline,TAGE-SCL,int_28_trace,3.6745,3.2163,0.45820000000000016
Baseline,TAGE-SCL,int_29_trace,12.4572,11.4747,0.9824999999999999
Baseline,TAGE-SCL,int_2_trace,10.9652,9.9876,0.9775999999999989
Baseline,TAGE-SCL,int_3_trace,0.8818,0.7862,0.09560000000000002
Baseline,TAGE-SCL,web_12_trace,4.4363,3.8768,0.5595000000000003
Baseline,TAGE-SCL,web_13_trace,3.3938,2.9612,0.4326000000000003
Baseline,TAGE-SCL,web_7_trace,7.7526,6.1046,1.6480000000000006
Baseline,TAGE-SCL,web_6_trace,4.8893,4.5376,0.3517000000000001
Baseline,TAGE-SCL,media_3_trace,1.3813,1.2465,0.13480000000000003
Baseline,TAGE-SCL,media_2_trace,0.5317,0.5057,0.025999999999999912
Baseline,TAGE-SCL,infra_11_trace,1.0885,0.9468,0.14170000000000005
Baseline,TAGE-SCL,int_8_trace,7.1931,5.838,1.3551000000000002
Baseline,TAGE-SCL,infra_10_trace,5.3543,5.1442,0.21010000000000062
Baseline,TAGE-SCL,int_9_trace,4.8555,3.6628,1.1927000000000003
Baseline,TAGE-SCL,int_22_trace,5.3965,4.2827,1.1137999999999995
Baseline,TAGE-SCL,int_23_trace,3.4824,3.3033,0.17910000000000004
Baseline,TAGE-SCL,fp_0_trace,3.227,3.2161,0.01089999999999991
Baseline,TAGE-SCL,fp_1_trace,15.5816,15.5537,0.027900000000000702
Baseline,TAGE-SCL,int_31_trace,0.8411,0.6011,0.24
Baseline,TAGE-SCL,int_30_trace,12.9427,11.9056,1.0371000000000006
Baseline,TAGE-SCL,web_16_trace,1.8538,1.5904,0.26339999999999986
Baseline,TAGE-SCL,web_17_trace,1.7267,1.4197,0.30699999999999994
Baseline,TAGE-SCL,int_18_trace,0.8474,0.6654,0.18200000000000005
Baseline,TAGE-SCL,int_19_trace,0.8482,0.7618,0.08639999999999992
Baseline,TAGE-SCL,infra_15_trace,8.4547,8.2764,0.17830000000000013
Baseline,TAGE-SCL,infra_14_trace,5.4033,5.1953,0.20800000000000018
Baseline,TAGE-SCL,web_3_trace,3.979,3.5523,0.4267000000000003
Baseline,TAGE-SCL,web_2_trace,4.166,3.7103,0.4557000000000002
Baseline,TAGE-SCL,int_26_trace,1.3377,1.195,0.14269999999999983
Baseline,TAGE-SCL,int_27_trace,0.8728,0.7727,0.10009999999999997
Baseline,TAGE-SCL,int_12_trace,0.4566,0.4037,0.0529
Baseline,TAGE-SCL,int_13_trace,0.9248,0.8585,0.06629999999999991
Baseline,TAGE-SCL,infra_4_trace,2.479,2.3855,0.09350000000000014
Baseline,TAGE-SCL,infra_5_trace,2.2119,2.2161,-0.0041999999999999815
Baseline,TAGE-SCL,compress_0_trace,3.2681,3.1701,0.09799999999999986
Baseline,TAGE-SCL,compress_1_trace,1.6834,1.633,0.0504
Baseline,TAGE-SCL,web_22_trace,3.3895,3.23,0.15949999999999998
Baseline,TAGE-SCL,web_23_trace,1.1539,0.9623,0.19159999999999988
Baseline,TAGE-SCL,web_9_trace,2.9326,2.4821,0.4504999999999999
Baseline,TAGE-SCL,web_8_trace,5.1087,4.5779,0.5308000000000002
Baseline,TAGE-SCL,int_6_trace,2.9584,2.927,0.031400000000000095
Baseline,TAGE-SCL,int_7_trace,5.7589,4.3978,1.3610999999999995
Baseline,TAGE-SCL,infra_9_trace,4.5907,4.4643,0.1264000000000003
Baseline,TAGE-SCL,infra_8_trace,1.2568,1.2587,-0.0019000000000000128
Baseline,TAGE-SCL,web_11_trace,5.7895,4.7055,1.0840000000000005
Baseline,TAGE-SCL,web_10_trace,3.366,2.8471,0.5188999999999999
Baseline,TAGE-SCL,web_4_trace,4.4385,4.014,0.4245000000000001
Baseline,TAGE-SCL,web_5_trace,4.7119,4.2738,0.4381000000000004
Baseline,TAGE-SCL,media_0_trace,1.1764,1.0511,0.12529999999999997
Baseline,TAGE-SCL,media_1_trace,1.159,1.0257,0.13329999999999997
Baseline,TAGE-SCL,infra_12_trace,1.0706,0.9276,0.14300000000000002
Baseline,TAGE-SCL,infra_13_trace,4.2404,3.9686,0.27180000000000026
Baseline,TAGE-SCL,int_21_trace,24.1502,23.3263,0.8239000000000019
Baseline,TAGE-SCL,int_20_trace,2.7912,2.3835,0.40769999999999973
Baseline,TAGE-SCL,int_15_trace,0.4788,0.462,0.01679999999999998
Baseline,TAGE-SCL,int_14_trace,0.3966,0.3781,0.018500000000000016
Baseline,TAGE-SCL,infra_3_trace,1.0632,1.0135,0.049699999999999855
Baseline,TAGE-SCL,infra_2_trace,0.4838,0.4805,0.003300000000000025
Baseline,TAGE-SCL,fp_10_trace,2.1174,2.0052,0.11220000000000008
Baseline,TAGE-SCL,fp_11_trace,0.6989,0.5807,0.11819999999999997
Baseline,TAGE-SCL,web_25_trace,6.3793,5.713,0.6662999999999997
Baseline,TAGE-SCL,web_24_trace,2.0456,1.6105,0.4350999999999998
Baseline,TAGE-SCL,compress_7_trace,2.048,2.0263,0.021700000000000053
Baseline,TAGE-SCL,compress_6_trace,1.9036,1.8582,0.045399999999999885
Baseline,TAGE-SCL,int_1_trace,11.6458,10.513,1.1327999999999996
Baseline,TAGE-SCL,int_0_trace,5.1327,4.7498,0.38290000000000024
Baseline,TAGE-SCL,fp_7_trace,1.1277,0.9648,0.16289999999999993
Baseline,TAGE-SCL,fp_6_trace,1.0193,0.855,0.1643000000000001
Baseline,TAGE-SCL,int_36_trace,3.9821,3.0001,0.9819999999999998
LVCP,RVA-Toru,compress_3_trace,8.1504,7.6547,0.49569999999999936
LVCP,RVA-Toru,compress_2_trace,1.4219,1.3543,0.06759999999999988
LVCP,RVA-Toru,compress_4_trace,1.7475,1.6297,0.11780000000000013
LVCP,RVA-Toru,compress_5_trace,1.8485,1.7338,0.11470000000000002
LVCP,RVA-Toru,compress_0_trace,3.1984,3.0968,0.10159999999999991
LVCP,RVA-Toru,compress_1_trace,1.612,1.5125,0.09950000000000014
LVCP,RVA-Toru,compress_7_trace,1.9181,1.8067,0.11139999999999994
LVCP,RVA-Toru,compress_6_trace,1.8222,1.6906,0.13159999999999994
LVCP,RVA-Toru,infra_7_trace,1.2093,1.1914,0.017900000000000027
LVCP,RVA-Toru,infra_6_trace,1.2138,1.1585,0.055299999999999905
LVCP,RVA-Toru,infra_0_trace,0.9872,0.9098,0.07739999999999991
LVCP,RVA-Toru,infra_1_trace,0.2923,0.2954,-0.0030999999999999917
LVCP,RVA-Toru,infra_11_trace,1.0022,0.9728,0.02939999999999998
LVCP,RVA-Toru,infra_10_trace,5.2171,5.0157,0.20140000000000047
LVCP,RVA-Toru,infra_15_trace,8.3267,8.1676,0.15910000000000046
LVCP,RVA-Toru,infra_14_trace,5.2684,5.0633,0.20509999999999984
LVCP,RVA-Toru,infra_4_trace,1.8311,2.0099,-0.17880000000000007
LVCP,RVA-Toru,infra_5_trace,2.0907,1.9951,0.09559999999999991
LVCP,RVA-Toru,infra_9_trace,4.5513,4.4829,0.06840000000000046
LVCP,RVA-Toru,infra_8_trace,1.2484,1.2466,0.0018000000000000238
LVCP,RVA-Toru,infra_12_trace,0.9932,0.9525,0.04069999999999996
LVCP,RVA-Toru,infra_13_trace,4.0586,3.8347,0.2239
LVCP,RVA-Toru,infra_3_trace,0.8049,0.6962,0.10869999999999991
LVCP,RVA-Toru,infra_2_trace,0.4288,0.3041,0.12470000000000003
LVCP,RVA-Toru,web_21_trace,1.5863,1.4572,0.1291
LVCP,RVA-Toru,web_20_trace,3.2987,3.2357,0.06300000000000017
LVCP,RVA-Toru,web_15_trace,5.1507,5.1194,0.031299999999999883
LVCP,RVA-Toru,web_14_trace,3.4933,3.4365,0.05679999999999996
LVCP,RVA-Toru,web_0_trace,1.3157,1.3079,0.007800000000000029
LVCP,RVA-Toru,web_1_trace,3.1357,3.1522,-0.01650000000000018
LVCP,RVA-Toru,web_18_trace,2.7595,2.6603,0.09920000000000018
LVCP,RVA-Toru,web_19_trace,5.1496,5.0857,0.06390000000000029
LVCP,RVA-Toru,web_12_trace,3.9974,3.8556,0.14179999999999993
LVCP,RVA-Toru,web_13_trace,2.9187,2.9155,0.0031999999999996476
LVCP,RVA-Toru,web_7_trace,6.1216,4.3005,1.8210999999999995
LVCP,RVA-Toru,web_6_trace,4.6256,4.5642,0.06140000000000079
LVCP,RVA-Toru,web_16_trace,1.6099,1.5812,0.02870000000000017
LVCP,RVA-Toru,web_17_trace,1.4879,1.3943,0.0935999999999999
LVCP,RVA-Toru,web_3_trace,3.6024,3.5768,0.025599999999999845
LVCP,RVA-Toru,web_2_trace,3.8193,3.7775,0.04180000000000028
LVCP,RVA-Toru,web_22_trace,3.2715,3.1805,0.09100000000000019
LVCP,RVA-Toru,web_23_trace,1.0186,0.9431,0.0754999999999999
LVCP,RVA-Toru,web_9_trace,2.5072,2.5137,-0.00649999999999995
LVCP,RVA-Toru,web_8_trace,4.6254,4.6201,0.005300000000000082
LVCP,RVA-Toru,web_11_trace,4.7179,4.644,0.07390000000000008
LVCP,RVA-Toru,web_10_trace,2.8788,2.8319,0.04689999999999994
LVCP,RVA-Toru,web_4_trace,4.0909,4.0301,0.06080000000000041
LVCP,RVA-Toru,web_5_trace,4.32,4.3207,-0.000700000000000145
LVCP,RVA-Toru,web_25_trace,5.8123,5.7401,0.0721999999999996
LVCP,RVA-Toru,web_24_trace,1.7205,1.6068,0.11369999999999991
LVCP,RVA-Toru,fp_9_trace,4.1005,4.0783,0.022200000000000664
LVCP,RVA-Toru,fp_8_trace,6.6877,3.6875,3.0002000000000004
LVCP,RVA-Toru,fp_3_trace,2.0291,1.8233,0.2058000000000002
LVCP,RVA-Toru,fp_2_trace,2.5381,2.4245,0.11359999999999992
LVCP,RVA-Toru,fp_4_trace,0.5457,0.5119,0.03379999999999994
LVCP,RVA-Toru,fp_5_trace,0.9302,0.925,0.005199999999999982
LVCP,RVA-Toru,fp_13_trace,11.952,12.2224,-0.2704000000000004
LVCP,RVA-Toru,fp_12_trace,0.8073,1.0294,-0.22210000000000008
LVCP,RVA-Toru,fp_0_trace,3.2399,3.2189,0.020999999999999908
LVCP,RVA-Toru,fp_1_trace,15.5856,14.9323,0.6532999999999998
LVCP,RVA-Toru,fp_10_trace,1.9704,1.9757,-0.005300000000000082
LVCP,RVA-Toru,fp_11_trace,0.6056,0.5646,0.041000000000000036
LVCP,RVA-Toru,fp_7_trace,1.037,0.9805,0.056499999999999884
LVCP,RVA-Toru,fp_6_trace,0.979,0.9122,0.06679999999999997
LVCP,RVA-Toru,int_11_trace,3.9954,3.8873,0.10809999999999986
LVCP,RVA-Toru,int_10_trace,0.525,0.4966,0.028400000000000036
LVCP,RVA-Toru,int_5_trace,2.8042,2.7058,0.09839999999999982
LVCP,RVA-Toru,int_4_trace,3.8723,3.593,0.2793000000000001
LVCP,RVA-Toru,int_25_trace,1.3277,1.3232,0.0045000000000001705
LVCP,RVA-Toru,int_24_trace,0.4979,0.5127,-0.014800000000000035
LVCP,RVA-Toru,int_32_trace,6.6835,6.3313,0.35220000000000073
LVCP,RVA-Toru,int_33_trace,7.6336,7.2565,0.37710000000000043
LVCP,RVA-Toru,int_35_trace,2.3653,2.0515,0.3138000000000001
LVCP,RVA-Toru,int_34_trace,2.8241,2.7686,0.05549999999999988
LVCP,RVA-Toru,int_16_trace,5.8167,5.7002,0.11650000000000027
LVCP,RVA-Toru,int_17_trace,4.8546,4.7567,0.09789999999999921
LVCP,RVA-Toru,int_28_trace,3.3205,3.2288,0.09169999999999989
LVCP,RVA-Toru,int_29_trace,11.376,11.4097,-0.033700000000001396
LVCP,RVA-Toru,int_2_trace,10.0902,9.2321,0.8580999999999985
LVCP,RVA-Toru,int_3_trace,0.8552,0.776,0.07919999999999994
LVCP,RVA-Toru,int_8_trace,5.8525,5.7914,0.06109999999999971
LVCP,RVA-Toru,int_9_trace,3.7634,3.6499,0.11349999999999971
LVCP,RVA-Toru,int_22_trace,4.8609,3.9029,0.9580000000000002
LVCP,RVA-Toru,int_23_trace,3.4064,3.1675,0.2389000000000001
LVCP,RVA-Toru,int_31_trace,0.8205,0.6026,0.21789999999999998
LVCP,RVA-Toru,int_30_trace,11.7655,11.7569,0.008599999999999497
LVCP,RVA-Toru,int_18_trace,0.7882,0.63,0.1582
LVCP,RVA-Toru,int_19_trace,0.7913,0.7603,0.031000000000000028
LVCP,RVA-Toru,int_26_trace,1.2961,1.2045,0.09160000000000013
LVCP,RVA-Toru,int_27_trace,0.8447,0.782,0.06269999999999998
LVCP,RVA-Toru,int_12_trace,0.3669,0.4177,-0.05080000000000001
LVCP,RVA-Toru,int_13_trace,0.8864,0.8514,0.03499999999999992
LVCP,RVA-Toru,int_6_trace,2.874,2.7427,0.13129999999999997
LVCP,RVA-Toru,int_7_trace,4.4331,4.3413,0.09179999999999922
LVCP,RVA-Toru,int_21_trace,23.5688,21.6842,1.884599999999999
LVCP,RVA-Toru,int_20_trace,2.358,2.3305,0.027500000000000302
LVCP,RVA-Toru,int_15_trace,0.4652,0.4318,0.033399999999999985
LVCP,RVA-Toru,int_14_trace,0.3692,0.3713,-0.0021000000000000463
LVCP,RVA-Toru,int_1_trace,10.6773,9.7511,0.9262000000000015
LVCP,RVA-Toru,int_0_trace,4.6538,4.8418,-0.18799999999999972
LVCP,RVA-Toru,int_36_trace,2.9848,2.9736,0.011200000000000099
LVCP,RVA-Toru,media_3_trace,1.3927,1.2256,0.16710000000000003
LVCP,RVA-Toru,media_2_trace,0.5296,0.5058,0.023799999999999932
LVCP,RVA-Toru,media_0_trace,1.1808,1.033,0.14780000000000015
LVCP,RVA-Toru,media_1_trace,1.1521,1.0414,0.1106999999999998
LVCP,TAGE-SC-L,compress_3_trace,8.1504,8.1117,0.038699999999998624
LVCP,TAGE-SC-L,compress_2_trace,1.4219,1.4576,-0.035700000000000065
LVCP,TAGE-SC-L,compress_4_trace,1.7475,1.8006,-0.053099999999999925
LVCP,TAGE-SC-L,compress_5_trace,1.8485,1.905,-0.056499999999999995
LVCP,TAGE-SC-L,compress_0_trace,3.1984,3.2129,-0.014499999999999957
LVCP,TAGE-SC-L,compress_1_trace,1.612,1.658,-0.04599999999999982
LVCP,TAGE-SC-L,compress_7_trace,1.9181,2.0384,-0.1203000000000003
LVCP,TAGE-SC-L,compress_6_trace,1.8222,1.8788,-0.056599999999999984
LVCP,TAGE-SC-L,infra_7_trace,1.2093,1.4115,-0.20219999999999994
LVCP,TAGE-SC-L,infra_6_trace,1.2138,1.2048,0.008999999999999897
LVCP,TAGE-SC-L,infra_0_trace,0.9872,1.2553,-0.2681000000000001
LVCP,TAGE-SC-L,infra_1_trace,0.2923,0.3472,-0.054900000000000004
LVCP,TAGE-SC-L,infra_11_trace,1.0022,0.9942,0.008000000000000007
LVCP,TAGE-SC-L,infra_10_trace,5.2171,5.2213,-0.0041999999999999815
LVCP,TAGE-SC-L,infra_15_trace,8.3267,8.3148,0.011900000000000688
LVCP,TAGE-SC-L,infra_14_trace,5.2684,5.2755,-0.007100000000000328
LVCP,TAGE-SC-L,infra_4_trace,1.8311,2.4266,-0.5955000000000001
LVCP,TAGE-SC-L,infra_5_trace,2.0907,2.1961,-0.10539999999999994
LVCP,TAGE-SC-L,infra_9_trace,4.5513,4.5259,0.02540000000000031
LVCP,TAGE-SC-L,infra_8_trace,1.2484,1.2477,0.0006999999999999229
LVCP,TAGE-SC-L,infra_12_trace,0.9932,0.9739,0.019299999999999984
LVCP,TAGE-SC-L,infra_13_trace,4.0586,4.063,-0.004399999999999515
LVCP,TAGE-SC-L,infra_3_trace,0.8049,1.0284,-0.22350000000000003
LVCP,TAGE-SC-L,infra_2_trace,0.4288,0.4526,-0.023799999999999988
LVCP,TAGE-SC-L,web_21_trace,1.5863,1.5309,0.055400000000000116
LVCP,TAGE-SC-L,web_20_trace,3.2987,3.1869,0.11180000000000012
LVCP,TAGE-SC-L,web_15_trace,5.1507,5.0656,0.08509999999999973
LVCP,TAGE-SC-L,web_0_trace,1.3157,1.3299,-0.01419999999999999
LVCP,TAGE-SC-L,web_1_trace,3.1357,3.2097,-0.07400000000000029
LVCP,TAGE-SC-L,web_18_trace,2.7595,2.7196,0.03990000000000027
LVCP,TAGE-SC-L,web_19_trace,5.1496,5.0555,0.09410000000000007
LVCP,TAGE-SC-L,web_12_trace,3.9974,3.9415,0.05589999999999984
LVCP,TAGE-SC-L,web_13_trace,2.9187,2.9537,-0.03500000000000014
LVCP,TAGE-SC-L,web_7_trace,6.1216,6.009,0.11259999999999959
LVCP,TAGE-SC-L,web_6_trace,4.6256,4.5613,0.06430000000000025
LVCP,TAGE-SC-L,web_16_trace,1.6099,1.6055,0.0044000000000001815
LVCP,TAGE-SC-L,web_17_trace,1.4879,1.4521,0.035800000000000054
LVCP,TAGE-SC-L,web_2_trace,3.8193,3.7474,0.0719000000000003
LVCP,TAGE-SC-L,web_22_trace,3.2715,3.2305,0.040999999999999925
LVCP,TAGE-SC-L,web_23_trace,1.0186,1.0101,0.008499999999999952
LVCP,TAGE-SC-L,web_9_trace,2.5072,2.4648,0.042400000000000215
LVCP,TAGE-SC-L,web_8_trace,4.6254,4.5731,0.05229999999999979
LVCP,TAGE-SC-L,web_11_trace,4.7179,4.6736,0.044299999999999784
LVCP,TAGE-SC-L,web_10_trace,2.8788,2.8395,0.03929999999999989
LVCP,TAGE-SC-L,web_4_trace,4.0909,4.0201,0.0708000000000002
LVCP,TAGE-SC-L,web_5_trace,4.32,4.2642,0.055800000000000516
LVCP,TAGE-SC-L,web_25_trace,5.8123,5.7951,0.017199999999999882
LVCP,TAGE-SC-L,web_24_trace,1.7205,1.6777,0.04279999999999995
LVCP,TAGE-SC-L,fp_9_trace,4.1005,4.1115,-0.01100000000000012
LVCP,TAGE-SC-L,fp_8_trace,6.6877,7.467,-0.7792999999999992
LVCP,TAGE-SC-L,fp_3_trace,2.0291,1.906,0.12310000000000021
LVCP,TAGE-SC-L,fp_2_trace,2.5381,2.5507,-0.012599999999999945
LVCP,TAGE-SC-L,fp_4_trace,0.5457,0.5696,-0.023900000000000032
LVCP,TAGE-SC-L,fp_5_trace,0.9302,0.9369,-0.006699999999999928
LVCP,TAGE-SC-L,fp_13_trace,11.952,12.4504,-0.4984000000000002
LVCP,TAGE-SC-L,fp_12_trace,0.8073,1.0944,-0.2871
LVCP,TAGE-SC-L,fp_0_trace,3.2399,3.2242,0.015699999999999825
LVCP,TAGE-SC-L,fp_1_trace,15.5856,15.5963,-0.010699999999999932
LVCP,TAGE-SC-L,fp_10_trace,1.9704,1.9156,0.05479999999999996
LVCP,TAGE-SC-L,fp_11_trace,0.6056,0.628,-0.022399999999999975
LVCP,TAGE-SC-L,fp_7_trace,1.037,1.0028,0.03420000000000001
LVCP,TAGE-SC-L,int_11_trace,3.9954,4.0381,-0.04269999999999996
LVCP,TAGE-SC-L,int_10_trace,0.525,0.5221,0.0029000000000000137
LVCP,TAGE-SC-L,int_5_trace,2.8042,2.8367,-0.032500000000000195
LVCP,TAGE-SC-L,int_4_trace,3.8723,3.7664,0.1059000000000001
LVCP,TAGE-SC-L,int_25_trace,1.3277,1.3109,0.016800000000000148
LVCP,TAGE-SC-L,int_24_trace,0.4979,0.5882,-0.09029999999999994
LVCP,TAGE-SC-L,int_32_trace,6.6835,6.6269,0.05660000000000043
LVCP,TAGE-SC-L,int_33_trace,7.6336,7.6605,-0.02689999999999948
LVCP,TAGE-SC-L,int_35_trace,2.3653,2.2551,0.11019999999999985
LVCP,TAGE-SC-L,int_34_trace,2.8241,2.9562,-0.13209999999999988
LVCP,TAGE-SC-L,int_16_trace,5.8167,5.5268,0.28990000000000027
LVCP,TAGE-SC-L,int_17_trace,4.8546,4.6916,0.16299999999999937
LVCP,TAGE-SC-L,int_28_trace,3.3205,3.3954,-0.07489999999999997
LVCP,TAGE-SC-L,int_29_trace,11.376,11.716,-0.33999999999999986
LVCP,TAGE-SC-L,int_2_trace,10.0902,10.7227,-0.6325000000000003
LVCP,TAGE-SC-L,int_3_trace,0.8552,0.8168,0.03839999999999999
LVCP,TAGE-SC-L,int_8_trace,5.8525,5.7846,0.06789999999999985
LVCP,TAGE-SC-L,int_22_trace,4.8609,4.8095,0.05140000000000011
LVCP,TAGE-SC-L,int_23_trace,3.4064,3.3888,0.017600000000000282
LVCP,TAGE-SC-L,int_31_trace,0.8205,0.6166,0.20389999999999997
LVCP,TAGE-SC-L,int_30_trace,11.7655,12.1062,-0.3407
LVCP,TAGE-SC-L,int_18_trace,0.7882,0.7357,0.05249999999999999
LVCP,TAGE-SC-L,int_19_trace,0.7913,0.7515,0.03980000000000006
LVCP,TAGE-SC-L,int_26_trace,1.2961,1.2387,0.05740000000000012
LVCP,TAGE-SC-L,int_27_trace,0.8447,0.8068,0.037900000000000045
LVCP,TAGE-SC-L,int_12_trace,0.3669,0.424,-0.057099999999999984
LVCP,TAGE-SC-L,int_13_trace,0.8864,0.8891,-0.0027000000000000357
LVCP,TAGE-SC-L,int_6_trace,2.874,2.9419,-0.06789999999999985
LVCP,TAGE-SC-L,int_7_trace,4.4331,4.3662,0.06689999999999952
LVCP,TAGE-SC-L,int_21_trace,23.5688,23.7948,-0.2259999999999991
LVCP,TAGE-SC-L,int_20_trace,2.358,2.3512,0.006800000000000139
LVCP,TAGE-SC-L,int_15_trace,0.4652,0.4705,-0.005299999999999971
LVCP,TAGE-SC-L,int_14_trace,0.3692,0.3844,-0.015200000000000047
LVCP,TAGE-SC-L,int_1_trace,10.6773,11.4406,-0.7632999999999992
LVCP,TAGE-SC-L,int_0_trace,4.6538,5.0346,-0.3807999999999998
LVCP,TAGE-SC-L,int_36_trace,2.9848,2.9342,0.050599999999999756
LVCP,TAGE-SC-L,media_3_trace,1.3927,1.2518,0.14090000000000003
LVCP,TAGE-SC-L,media_2_trace,0.5296,0.5065,0.02310000000000001
LVCP,TAGE-SC-L,media_0_trace,1.1808,1.0617,0.11909999999999998
LVCP,TAGE-SC-L,media_1_trace,1.1521,1.0357,0.11639999999999984
LVCP,TAGE-SCL,compress_3_trace,8.1504,7.7625,0.38789999999999925
LVCP,TAGE-SCL,compress_2_trace,1.4219,1.4407,-0.01880000000000015
LVCP,TAGE-SCL,compress_4_trace,1.7475,1.7816,-0.03410000000000002
LVCP,TAGE-SCL,compress_5_trace,1.8485,1.882,-0.03349999999999986
LVCP,TAGE-SCL,compress_0_trace,3.1984,3.1701,0.02829999999999977
LVCP,TAGE-SCL,compress_1_trace,1.612,1.633,-0.020999999999999908
LVCP,TAGE-SCL,compress_7_trace,1.9181,2.0263,-0.10820000000000007
LVCP,TAGE-SCL,compress_6_trace,1.8222,1.8582,-0.03600000000000003
LVCP,TAGE-SCL,infra_7_trace,1.2093,1.4041,-0.19479999999999986
LVCP,TAGE-SCL,infra_6_trace,1.2138,1.19,0.023800000000000043
LVCP,TAGE-SCL,infra_0_trace,0.9872,1.2453,-0.2581000000000001
LVCP,TAGE-SCL,infra_1_trace,0.2923,0.3743,-0.08200000000000002
LVCP,TAGE-SCL,infra_11_trace,1.0022,0.9468,0.055400000000000005
LVCP,TAGE-SCL,infra_10_trace,5.2171,5.1442,0.07290000000000063
LVCP,TAGE-SCL,infra_15_trace,8.3267,8.2764,0.05030000000000001
LVCP,TAGE-SCL,infra_14_trace,5.2684,5.1953,0.07310000000000016
LVCP,TAGE-SCL,infra_4_trace,1.8311,2.3855,-0.5544
LVCP,TAGE-SCL,infra_5_trace,2.0907,2.2161,-0.12539999999999996
LVCP,TAGE-SCL,infra_9_trace,4.5513,4.4643,0.08700000000000063
LVCP,TAGE-SCL,infra_8_trace,1.2484,1.2587,-0.010299999999999976
LVCP,TAGE-SCL,infra_12_trace,0.9932,0.9276,0.06559999999999999
LVCP,TAGE-SCL,infra_13_trace,4.0586,3.9686,0.0900000000000003
LVCP,TAGE-SCL,infra_3_trace,0.8049,1.0135,-0.20860000000000012
LVCP,TAGE-SCL,infra_2_trace,0.4288,0.4805,-0.05169999999999997
LVCP,TAGE-SCL,web_21_trace,1.5863,1.4569,0.12939999999999996
LVCP,TAGE-SCL,web_20_trace,3.2987,3.1562,0.14250000000000007
LVCP,TAGE-SCL,web_15_trace,5.1507,5.0241,0.12659999999999982
LVCP,TAGE-SCL,web_14_trace,3.4933,3.3625,0.13080000000000025
LVCP,TAGE-SCL,web_0_trace,1.3157,1.3052,0.010500000000000176
LVCP,TAGE-SCL,web_1_trace,3.1357,3.1889,-0.053199999999999914
LVCP,TAGE-SCL,web_18_trace,2.7595,2.7095,0.050000000000000266
LVCP,TAGE-SCL,web_12_trace,3.9974,3.8768,0.12060000000000004
LVCP,TAGE-SCL,web_13_trace,2.9187,2.9612,-0.04249999999999998
LVCP,TAGE-SCL,web_7_trace,6.1216,6.1046,0.017000000000000348
LVCP,TAGE-SCL,web_6_trace,4.6256,4.5376,0.08800000000000008
LVCP,TAGE-SCL,web_16_trace,1.6099,1.5904,0.019500000000000073
LVCP,TAGE-SCL,web_17_trace,1.4879,1.4197,0.06820000000000004
LVCP,TAGE-SCL,web_3_trace,3.6024,3.5523,0.05010000000000003
LVCP,TAGE-SCL,web_2_trace,3.8193,3.7103,0.10899999999999999
LVCP,TAGE-SCL,web_22_trace,3.2715,3.23,0.04150000000000009
LVCP,TAGE-SCL,web_23_trace,1.0186,0.9623,0.056299999999999906
LVCP,TAGE-SCL,web_9_trace,2.5072,2.4821,0.025100000000000122
LVCP,TAGE-SCL,web_8_trace,4.6254,4.5779,0.04750000000000032
LVCP,TAGE-SCL,web_11_trace,4.7179,4.7055,0.01240000000000041
LVCP,TAGE-SCL,web_10_trace,2.8788,2.8471,0.03169999999999984
LVCP,TAGE-SCL,web_4_trace,4.0909,4.014,0.07690000000000019
LVCP,TAGE-SCL,web_5_trace,4.32,4.2738,0.046200000000000685
LVCP,TAGE-SCL,web_25_trace,5.8123,5.713,0.0992999999999995
LVCP,TAGE-SCL,web_24_trace,1.7205,1.6105,0.10999999999999988
LVCP,TAGE-SCL,fp_9_trace,4.1005,4.1168,-0.016299999999999315
LVCP,TAGE-SCL,fp_8_trace,6.6877,7.3856,-0.6978999999999997
LVCP,TAGE-SCL,fp_3_trace,2.0291,1.8767,0.1524000000000001
LVCP,TAGE-SCL,fp_2_trace,2.5381,2.5338,0.0043000000000001926
LVCP,TAGE-SCL,fp_4_trace,0.5457,0.5247,0.020999999999999908
LVCP,TAGE-SCL,fp_5_trace,0.9302,0.9252,0.0050000000000000044
LVCP,TAGE-SCL,fp_13_trace,11.952,12.3153,-0.3633000000000006
LVCP,TAGE-SCL,fp_12_trace,0.8073,1.0969,-0.28959999999999997
LVCP,TAGE-SCL,fp_0_trace,3.2399,3.2161,0.023800000000000043
LVCP,TAGE-SCL,fp_1_trace,15.5856,15.5537,0.03190000000000026
LVCP,TAGE-SCL,fp_10_trace,1.9704,2.0052,-0.03479999999999994
LVCP,TAGE-SCL,fp_11_trace,0.6056,0.5807,0.024900000000000033
LVCP,TAGE-SCL,fp_7_trace,1.037,0.9648,0.07219999999999993
LVCP,TAGE-SCL,fp_6_trace,0.979,0.855,0.124
LVCP,TAGE-SCL,int_11_trace,3.9954,3.8809,0.11450000000000005
LVCP,TAGE-SCL,int_10_trace,0.525,0.5222,0.0028000000000000247
LVCP,TAGE-SCL,int_5_trace,2.8042,2.8235,-0.019300000000000317
LVCP,TAGE-SCL,int_4_trace,3.8723,3.6946,0.1777000000000002
LVCP,TAGE-SCL,int_25_trace,1.3277,1.3297,-0.0020000000000000018
LVCP,TAGE-SCL,int_24_trace,0.4979,0.5115,-0.013599999999999945
LVCP,TAGE-SCL,int_32_trace,6.6835,6.3487,0.33480000000000043
LVCP,TAGE-SCL,int_33_trace,7.6336,7.4416,0.19200000000000017
LVCP,TAGE-SCL,int_35_trace,2.3653,2.0167,0.3485999999999998
LVCP,TAGE-SCL,int_34_trace,2.8241,2.8455,-0.021399999999999864
LVCP,TAGE-SCL,int_16_trace,5.8167,5.8279,-0.011199999999999655
LVCP,TAGE-SCL,int_17_trace,4.8546,4.8436,0.010999999999999233
LVCP,TAGE-SCL,int_28_trace,3.3205,3.2163,0.10420000000000007
LVCP,TAGE-SCL,int_29_trace,11.376,11.4747,-0.0987000000000009
LVCP,TAGE-SCL,int_2_trace,10.0902,9.9876,0.10259999999999891
LVCP,TAGE-SCL,int_3_trace,0.8552,0.7862,0.06899999999999995
LVCP,TAGE-SCL,int_8_trace,5.8525,5.838,0.014499999999999957
LVCP,TAGE-SCL,int_9_trace,3.7634,3.6628,0.10060000000000002
LVCP,TAGE-SCL,int_22_trace,4.8609,4.2827,0.5781999999999998
LVCP,TAGE-SCL,int_23_trace,3.4064,3.3033,0.10309999999999997
LVCP,TAGE-SCL,int_31_trace,0.8205,0.6011,0.21940000000000004
LVCP,TAGE-SCL,int_30_trace,11.7655,11.9056,-0.14010000000000034
LVCP,TAGE-SCL,int_18_trace,0.7882,0.6654,0.12280000000000002
LVCP,TAGE-SCL,int_19_trace,0.7913,0.7618,0.02949999999999997
LVCP,TAGE-SCL,int_26_trace,1.2961,1.195,0.10109999999999997
LVCP,TAGE-SCL,int_27_trace,0.8447,0.7727,0.07199999999999995
LVCP,TAGE-SCL,int_12_trace,0.3669,0.4037,-0.0368
LVCP,TAGE-SCL,int_13_trace,0.8864,0.8585,0.027899999999999925
LVCP,TAGE-SCL,int_6_trace,2.874,2.927,-0.052999999999999936
LVCP,TAGE-SCL,int_7_trace,4.4331,4.3978,0.03529999999999944
LVCP,TAGE-SCL,int_21_trace,23.5688,23.3263,0.24249999999999972
LVCP,TAGE-SCL,int_20_trace,2.358,2.3835,-0.025500000000000078
LVCP,TAGE-SCL,int_15_trace,0.4652,0.462,0.0031999999999999806
LVCP,TAGE-SCL,int_14_trace,0.3692,0.3781,-0.008900000000000019
LVCP,TAGE-SCL,int_1_trace,10.6773,10.513,0.16430000000000078
LVCP,TAGE-SCL,int_0_trace,4.6538,4.7498,-0.0959999999999992
LVCP,TAGE-SCL,int_36_trace,2.9848,3.0001,-0.015300000000000313
LVCP,TAGE-SCL,media_3_trace,1.3927,1.2465,0.1462000000000001
LVCP,TAGE-SCL,media_2_trace,0.5296,0.5057,0.02389999999999992
LVCP,TAGE-SCL,media_0_trace,1.1808,1.0511,0.12970000000000015
LVCP,TAGE-SCL,media_1_trace,1.1521,1.0257,0.12639999999999985
RVA-Toru,TAGE-SC-L,compress_3_trace,7.6547,8.1117,-0.45700000000000074
RVA-Toru,TAGE-SC-L,compress_2_trace,1.3543,1.4576,-0.10329999999999995
RVA-Toru,TAGE-SC-L,compress_4_trace,1.6297,1.8006,-0.17090000000000005
RVA-Toru,TAGE-SC-L,compress_5_trace,1.7338,1.905,-0.17120000000000002
RVA-Toru,TAGE-SC-L,compress_0_trace,3.0968,3.2129,-0.11609999999999987
RVA-Toru,TAGE-SC-L,compress_1_trace,1.5125,1.658,-0.14549999999999996
RVA-Toru,TAGE-SC-L,compress_7_trace,1.8067,2.0384,-0.23170000000000024
RVA-Toru,TAGE-SC-L,compress_6_trace,1.6906,1.8788,-0.18819999999999992
RVA-Toru,TAGE-SC-L,infra_7_trace,1.1914,1.4115,-0.22009999999999996
RVA-Toru,TAGE-SC-L,infra_6_trace,1.1585,1.2048,-0.04630000000000001
RVA-Toru,TAGE-SC-L,infra_0_trace,0.9098,1.2553,-0.34550000000000003
RVA-Toru,TAGE-SC-L,infra_1_trace,0.2954,0.3472,-0.05180000000000001
RVA-Toru,TAGE-SC-L,infra_11_trace,0.9728,0.9942,-0.021399999999999975
RVA-Toru,TAGE-SC-L,infra_10_trace,5.0157,5.2213,-0.20560000000000045
RVA-Toru,TAGE-SC-L,infra_15_trace,8.1676,8.3148,-0.14719999999999978
RVA-Toru,TAGE-SC-L,infra_14_trace,5.0633,5.2755,-0.21220000000000017
RVA-Toru,TAGE-SC-L,infra_4_trace,2.0099,2.4266,-0.41670000000000007
RVA-Toru,TAGE-SC-L,infra_5_trace,1.9951,2.1961,-0.20099999999999985
RVA-Toru,TAGE-SC-L,infra_9_trace,4.4829,4.5259,-0.04300000000000015
RVA-Toru,TAGE-SC-L,infra_8_trace,1.2466,1.2477,-0.001100000000000101
RVA-Toru,TAGE-SC-L,infra_12_trace,0.9525,0.9739,-0.021399999999999975
RVA-Toru,TAGE-SC-L,infra_13_trace,3.8347,4.063,-0.2282999999999995
RVA-Toru,TAGE-SC-L,infra_3_trace,0.6962,1.0284,-0.33219999999999994
RVA-Toru,TAGE-SC-L,infra_2_trace,0.3041,0.4526,-0.14850000000000002
RVA-Toru,TAGE-SC-L,web_21_trace,1.4572,1.5309,-0.07369999999999988
RVA-Toru,TAGE-SC-L,web_20_trace,3.2357,3.1869,0.048799999999999955
RVA-Toru,TAGE-SC-L,web_15_trace,5.1194,5.0656,0.05379999999999985
RVA-Toru,TAGE-SC-L,web_0_trace,1.3079,1.3299,-0.02200000000000002
RVA-Toru,TAGE-SC-L,web_1_trace,3.1522,3.2097,-0.05750000000000011
RVA-Toru,TAGE-SC-L,web_18_trace,2.6603,2.7196,-0.05929999999999991
RVA-Toru,TAGE-SC-L,web_19_trace,5.0857,5.0555,0.030199999999999783
RVA-Toru,TAGE-SC-L,web_12_trace,3.8556,3.9415,-0.08590000000000009
RVA-Toru,TAGE-SC-L,web_13_trace,2.9155,2.9537,-0.03819999999999979
RVA-Toru,TAGE-SC-L,web_7_trace,4.3005,6.009,-1.7085
RVA-Toru,TAGE-SC-L,web_6_trace,4.5642,4.5613,0.0028999999999994586
RVA-Toru,TAGE-SC-L,web_16_trace,1.5812,1.6055,-0.02429999999999999
RVA-Toru,TAGE-SC-L,web_17_trace,1.3943,1.4521,-0.05779999999999985
RVA-Toru,TAGE-SC-L,web_2_trace,3.7775,3.7474,0.030100000000000016
RVA-Toru,TAGE-SC-L,web_22_trace,3.1805,3.2305,-0.050000000000000266
RVA-Toru,TAGE-SC-L,web_23_trace,0.9431,1.0101,-0.06699999999999995
RVA-Toru,TAGE-SC-L,web_9_trace,2.5137,2.4648,0.048900000000000166
RVA-Toru,TAGE-SC-L,web_8_trace,4.6201,4.5731,0.04699999999999971
RVA-Toru,TAGE-SC-L,web_11_trace,4.644,4.6736,-0.029600000000000293
RVA-Toru,TAGE-SC-L,web_10_trace,2.8319,2.8395,-0.007600000000000051
RVA-Toru,TAGE-SC-L,web_4_trace,4.0301,4.0201,0.009999999999999787
RVA-Toru,TAGE-SC-L,web_5_trace,4.3207,4.2642,0.05650000000000066
RVA-Toru,TAGE-SC-L,web_25_trace,5.7401,5.7951,-0.054999999999999716
RVA-Toru,TAGE-SC-L,web_24_trace,1.6068,1.6777,-0.07089999999999996
RVA-Toru,TAGE-SC-L,fp_9_trace,4.0783,4.1115,-0.033200000000000784
RVA-Toru,TAGE-SC-L,fp_8_trace,3.6875,7.467,-3.7794999999999996
RVA-Toru,TAGE-SC-L,fp_3_trace,1.8233,1.906,-0.0827
RVA-Toru,TAGE-SC-L,fp_2_trace,2.4245,2.5507,-0.12619999999999987
RVA-Toru,TAGE-SC-L,fp_4_trace,0.5119,0.5696,-0.057699999999999974
RVA-Toru,TAGE-SC-L,fp_5_trace,0.925,0.9369,-0.01189999999999991
RVA-Toru,TAGE-SC-L,fp_13_trace,12.2224,12.4504,-0.22799999999999976
RVA-Toru,TAGE-SC-L,fp_12_trace,1.0294,1.0944,-0.06499999999999995
RVA-Toru,TAGE-SC-L,fp_0_trace,3.2189,3.2242,-0.005300000000000082
RVA-Toru,TAGE-SC-L,fp_1_trace,14.9323,15.5963,-0.6639999999999997
RVA-Toru,TAGE-SC-L,fp_10_trace,1.9757,1.9156,0.06010000000000004
RVA-Toru,TAGE-SC-L,fp_11_trace,0.5646,0.628,-0.06340000000000001
RVA-Toru,TAGE-SC-L,fp_7_trace,0.9805,1.0028,-0.022299999999999875
RVA-Toru,TAGE-SC-L,int_11_trace,3.8873,4.0381,-0.15079999999999982
RVA-Toru,TAGE-SC-L,int_10_trace,0.4966,0.5221,-0.025500000000000023
RVA-Toru,TAGE-SC-L,int_5_trace,2.7058,2.8367,-0.13090000000000002
RVA-Toru,TAGE-SC-L,int_4_trace,3.593,3.7664,-0.1734
RVA-Toru,TAGE-SC-L,int_25_trace,1.3232,1.3109,0.012299999999999978
RVA-Toru,TAGE-SC-L,int_24_trace,0.5127,0.5882,-0.0754999999999999
RVA-Toru,TAGE-SC-L,int_32_trace,6.3313,6.6269,-0.2956000000000003
RVA-Toru,TAGE-SC-L,int_33_trace,7.2565,7.6605,-0.4039999999999999
RVA-Toru,TAGE-SC-L,int_35_trace,2.0515,2.2551,-0.20360000000000023
RVA-Toru,TAGE-SC-L,int_34_trace,2.7686,2.9562,-0.18759999999999977
RVA-Toru,TAGE-SC-L,int_16_trace,5.7002,5.5268,0.1734
RVA-Toru,TAGE-SC-L,int_17_trace,4.7567,4.6916,0.06510000000000016
RVA-Toru,TAGE-SC-L,int_28_trace,3.2288,3.3954,-0.16659999999999986
RVA-Toru,TAGE-SC-L,int_29_trace,11.4097,11.716,-0.30629999999999846
RVA-Toru,TAGE-SC-L,int_2_trace,9.2321,10.7227,-1.4905999999999988
RVA-Toru,TAGE-SC-L,int_3_trace,0.776,0.8168,-0.04079999999999995
RVA-Toru,TAGE-SC-L,int_8_trace,5.7914,5.7846,0.006800000000000139
RVA-Toru,TAGE-SC-L,int_22_trace,3.9029,4.8095,-0.9066000000000001
RVA-Toru,TAGE-SC-L,int_23_trace,3.1675,3.3888,-0.22129999999999983
RVA-Toru,TAGE-SC-L,int_31_trace,0.6026,0.6166,-0.014000000000000012
RVA-Toru,TAGE-SC-L,int_30_trace,11.7569,12.1062,-0.3492999999999995
RVA-Toru,TAGE-SC-L,int_18_trace,0.63,0.7357,-0.10570000000000002
RVA-Toru,TAGE-SC-L,int_19_trace,0.7603,0.7515,0.00880000000000003
RVA-Toru,TAGE-SC-L,int_26_trace,1.2045,1.2387,-0.03420000000000001
RVA-Toru,TAGE-SC-L,int_27_trace,0.782,0.8068,-0.024799999999999933
RVA-Toru,TAGE-SC-L,int_12_trace,0.4177,0.424,-0.006299999999999972
RVA-Toru,TAGE-SC-L,int_13_trace,0.8514,0.8891,-0.037699999999999956
RVA-Toru,TAGE-SC-L,int_6_trace,2.7427,2.9419,-0.19919999999999982
RVA-Toru,TAGE-SC-L,int_7_trace,4.3413,4.3662,-0.0248999999999997
RVA-Toru,TAGE-SC-L,int_21_trace,21.6842,23.7948,-2.110599999999998
RVA-Toru,TAGE-SC-L,int_20_trace,2.3305,2.3512,-0.020700000000000163
RVA-Toru,TAGE-SC-L,int_15_trace,0.4318,0.4705,-0.03869999999999996
RVA-Toru,TAGE-SC-L,int_14_trace,0.3713,0.3844,-0.0131
RVA-Toru,TAGE-SC-L,int_1_trace,9.7511,11.4406,-1.6895000000000007
RVA-Toru,TAGE-SC-L,int_0_trace,4.8418,5.0346,-0.19280000000000008
RVA-Toru,TAGE-SC-L,int_36_trace,2.9736,2.9342,0.03939999999999966
RVA-Toru,TAGE-SC-L,media_3_trace,1.2256,1.2518,-0.0262
RVA-Toru,TAGE-SC-L,media_2_trace,0.5058,0.5065,-0.0006999999999999229
RVA-Toru,TAGE-SC-L,media_0_trace,1.033,1.0617,-0.02870000000000017
RVA-Toru,TAGE-SC-L,media_1_trace,1.0414,1.0357,0.005700000000000038
RVA-Toru,TAGE-SCL,compress_3_trace,7.6547,7.7625,-0.10780000000000012
RVA-Toru,TAGE-SCL,compress_2_trace,1.3543,1.4407,-0.08640000000000003
RVA-Toru,TAGE-SCL,compress_4_trace,1.6297,1.7816,-0.15190000000000015
RVA-Toru,TAGE-SCL,compress_5_trace,1.7338,1.882,-0.1481999999999999
RVA-Toru,TAGE-SCL,compress_0_trace,3.0968,3.1701,-0.07330000000000014
RVA-Toru,TAGE-SCL,compress_1_trace,1.5125,1.633,-0.12050000000000005
RVA-Toru,TAGE-SCL,compress_7_trace,1.8067,2.0263,-0.21960000000000002
RVA-Toru,TAGE-SCL,compress_6_trace,1.6906,1.8582,-0.16759999999999997
RVA-Toru,TAGE-SCL,infra_7_trace,1.1914,1.4041,-0.2126999999999999
RVA-Toru,TAGE-SCL,infra_6_trace,1.1585,1.19,-0.03149999999999986
RVA-Toru,TAGE-SCL,infra_0_trace,0.9098,1.2453,-0.3355
RVA-Toru,TAGE-SCL,infra_1_trace,0.2954,0.3743,-0.07890000000000003
RVA-Toru,TAGE-SCL,infra_11_trace,0.9728,0.9468,0.026000000000000023
RVA-Toru,TAGE-SCL,infra_10_trace,5.0157,5.1442,-0.12849999999999984
RVA-Toru,TAGE-SCL,infra_15_trace,8.1676,8.2764,-0.10880000000000045
RVA-Toru,TAGE-SCL,infra_14_trace,5.0633,5.1953,-0.13199999999999967
RVA-Toru,TAGE-SCL,infra_4_trace,2.0099,2.3855,-0.37559999999999993
RVA-Toru,TAGE-SCL,infra_5_trace,1.9951,2.2161,-0.22099999999999986
RVA-Toru,TAGE-SCL,infra_9_trace,4.4829,4.4643,0.018600000000000172
RVA-Toru,TAGE-SCL,infra_8_trace,1.2466,1.2587,-0.0121
RVA-Toru,TAGE-SCL,infra_12_trace,0.9525,0.9276,0.024900000000000033
RVA-Toru,TAGE-SCL,infra_13_trace,3.8347,3.9686,-0.13389999999999969
RVA-Toru,TAGE-SCL,infra_3_trace,0.6962,1.0135,-0.3173
RVA-Toru,TAGE-SCL,infra_2_trace,0.3041,0.4805,-0.1764
RVA-Toru,TAGE-SCL,web_21_trace,1.4572,1.4569,0.00029999999999996696
RVA-Toru,TAGE-SCL,web_20_trace,3.2357,3.1562,0.0794999999999999
RVA-Toru,TAGE-SCL,web_15_trace,5.1194,5.0241,0.09529999999999994
RVA-Toru,TAGE-SCL,web_14_trace,3.4365,3.3625,0.07400000000000029
RVA-Toru,TAGE-SCL,web_0_trace,1.3079,1.3052,0.0027000000000001467
RVA-Toru,TAGE-SCL,web_1_trace,3.1522,3.1889,-0.03669999999999973
RVA-Toru,TAGE-SCL,web_18_trace,2.6603,2.7095,-0.04919999999999991
RVA-Toru,TAGE-SCL,web_12_trace,3.8556,3.8768,-0.021199999999999886
RVA-Toru,TAGE-SCL,web_13_trace,2.9155,2.9612,-0.04569999999999963
RVA-Toru,TAGE-SCL,web_7_trace,4.3005,6.1046,-1.8040999999999991
RVA-Toru,TAGE-SCL,web_6_trace,4.5642,4.5376,0.02659999999999929
RVA-Toru,TAGE-SCL,web_16_trace,1.5812,1.5904,-0.009200000000000097
RVA-Toru,TAGE-SCL,web_17_trace,1.3943,1.4197,-0.025399999999999867
RVA-Toru,TAGE-SCL,web_3_trace,3.5768,3.5523,0.02450000000000019
RVA-Toru,TAGE-SCL,web_2_trace,3.7775,3.7103,0.0671999999999997
RVA-Toru,TAGE-SCL,web_22_trace,3.1805,3.23,-0.0495000000000001
RVA-Toru,TAGE-SCL,web_23_trace,0.9431,0.9623,-0.019199999999999995
RVA-Toru,TAGE-SCL,web_9_trace,2.5137,2.4821,0.03160000000000007
RVA-Toru,TAGE-SCL,web_8_trace,4.6201,4.5779,0.04220000000000024
RVA-Toru,TAGE-SCL,web_11_trace,4.644,4.7055,-0.061499999999999666
RVA-Toru,TAGE-SCL,web_10_trace,2.8319,2.8471,-0.015200000000000102
RVA-Toru,TAGE-SCL,web_4_trace,4.0301,4.014,0.01609999999999978
RVA-Toru,TAGE-SCL,web_5_trace,4.3207,4.2738,0.04690000000000083
RVA-Toru,TAGE-SCL,web_25_trace,5.7401,5.713,0.027099999999999902
RVA-Toru,TAGE-SCL,web_24_trace,1.6068,1.6105,-0.0037000000000000366
RVA-Toru,TAGE-SCL,fp_9_trace,4.0783,4.1168,-0.03849999999999998
RVA-Toru,TAGE-SCL,fp_8_trace,3.6875,7.3856,-3.6981
RVA-Toru,TAGE-SCL,fp_3_trace,1.8233,1.8767,-0.053400000000000114
RVA-Toru,TAGE-SCL,fp_2_trace,2.4245,2.5338,-0.10929999999999973
RVA-Toru,TAGE-SCL,fp_4_trace,0.5119,0.5247,-0.012800000000000034
RVA-Toru,TAGE-SCL,fp_5_trace,0.925,0.9252,-0.00019999999999997797
RVA-Toru,TAGE-SCL,fp_13_trace,12.2224,12.3153,-0.0929000000000002
RVA-Toru,TAGE-SCL,fp_12_trace,1.0294,1.0969,-0.0674999999999999
RVA-Toru,TAGE-SCL,fp_0_trace,3.2189,3.2161,0.0028000000000001357
RVA-Toru,TAGE-SCL,fp_1_trace,14.9323,15.5537,-0.6213999999999995
RVA-Toru,TAGE-SCL,fp_10_trace,1.9757,2.0052,-0.02949999999999986
RVA-Toru,TAGE-SCL,fp_11_trace,0.5646,0.5807,-0.016100000000000003
RVA-Toru,TAGE-SCL,fp_7_trace,0.9805,0.9648,0.015700000000000047
RVA-Toru,TAGE-SCL,fp_6_trace,0.9122,0.855,0.05720000000000003
RVA-Toru,TAGE-SCL,int_11_trace,3.8873,3.8809,0.006400000000000183
RVA-Toru,TAGE-SCL,int_10_trace,0.4966,0.5222,-0.02560000000000001
RVA-Toru,TAGE-SCL,int_5_trace,2.7058,2.8235,-0.11770000000000014
RVA-Toru,TAGE-SCL,int_4_trace,3.593,3.6946,-0.10159999999999991
RVA-Toru,TAGE-SCL,int_25_trace,1.3232,1.3297,-0.006500000000000172
RVA-Toru,TAGE-SCL,int_24_trace,0.5127,0.5115,0.0012000000000000899
RVA-Toru,TAGE-SCL,int_32_trace,6.3313,6.3487,-0.017400000000000304
RVA-Toru,TAGE-SCL,int_33_trace,7.2565,7.4416,-0.18510000000000026
RVA-Toru,TAGE-SCL,int_35_trace,2.0515,2.0167,0.03479999999999972
RVA-Toru,TAGE-SCL,int_34_trace,2.7686,2.8455,-0.07689999999999975
RVA-Toru,TAGE-SCL,int_16_trace,5.7002,5.8279,-0.12769999999999992
RVA-Toru,TAGE-SCL,int_17_trace,4.7567,4.8436,-0.08689999999999998
RVA-Toru,TAGE-SCL,int_28_trace,3.2288,3.2163,0.012500000000000178
RVA-Toru,TAGE-SCL,int_29_trace,11.4097,11.4747,-0.0649999999999995
RVA-Toru,TAGE-SCL,int_2_trace,9.2321,9.9876,-0.7554999999999996
RVA-Toru,TAGE-SCL,int_3_trace,0.776,0.7862,-0.010199999999999987
RVA-Toru,TAGE-SCL,int_8_trace,5.7914,5.838,-0.04659999999999975
RVA-Toru,TAGE-SCL,int_9_trace,3.6499,3.6628,-0.01289999999999969
RVA-Toru,TAGE-SCL,int_22_trace,3.9029,4.2827,-0.37980000000000036
RVA-Toru,TAGE-SCL,int_23_trace,3.1675,3.3033,-0.13580000000000014
RVA-Toru,TAGE-SCL,int_31_trace,0.6026,0.6011,0.0015000000000000568
RVA-Toru,TAGE-SCL,int_30_trace,11.7569,11.9056,-0.14869999999999983
RVA-Toru,TAGE-SCL,int_18_trace,0.63,0.6654,-0.03539999999999999
RVA-Toru,TAGE-SCL,int_19_trace,0.7603,0.7618,-0.0015000000000000568
RVA-Toru,TAGE-SCL,int_26_trace,1.2045,1.195,0.009499999999999842
RVA-Toru,TAGE-SCL,int_27_trace,0.782,0.7727,0.009299999999999975
RVA-Toru,TAGE-SCL,int_12_trace,0.4177,0.4037,0.014000000000000012
RVA-Toru,TAGE-SCL,int_13_trace,0.8514,0.8585,-0.007099999999999995
RVA-Toru,TAGE-SCL,int_6_trace,2.7427,2.927,-0.1842999999999999
RVA-Toru,TAGE-SCL,int_7_trace,4.3413,4.3978,-0.05649999999999977
RVA-Toru,TAGE-SCL,int_21_trace,21.6842,23.3263,-1.6420999999999992
RVA-Toru,TAGE-SCL,int_20_trace,2.3305,2.3835,-0.05300000000000038
RVA-Toru,TAGE-SCL,int_15_trace,0.4318,0.462,-0.030200000000000005
RVA-Toru,TAGE-SCL,int_14_trace,0.3713,0.3781,-0.006799999999999973
RVA-Toru,TAGE-SCL,int_1_trace,9.7511,10.513,-0.7619000000000007
RVA-Toru,TAGE-SCL,int_0_trace,4.8418,4.7498,0.09200000000000053
RVA-Toru,TAGE-SCL,int_36_trace,2.9736,3.0001,-0.026500000000000412
RVA-Toru,TAGE-SCL,media_3_trace,1.2256,1.2465,-0.02089999999999992
RVA-Toru,TAGE-SCL,media_2_trace,0.5058,0.5057,9.999999999998899e-05
RVA-Toru,TAGE-SCL,media_0_trace,1.033,1.0511,-0.018100000000000005
RVA-Toru,TAGE-SCL,media_1_trace,1.0414,1.0257,0.015700000000000047
TAGE-SC-L,TAGE-SCL,compress_3_trace,8.1117,7.7625,0.3492000000000006
TAGE-SC-L,TAGE-SCL,compress_2_trace,1.4576,1.4407,0.016899999999999915
TAGE-SC-L,TAGE-SCL,compress_4_trace,1.8006,1.7816,0.018999999999999906
TAGE-SC-L,TAGE-SCL,compress_5_trace,1.905,1.882,0.02300000000000013
TAGE-SC-L,TAGE-SCL,compress_0_trace,3.2129,3.1701,0.04279999999999973
TAGE-SC-L,TAGE-SCL,compress_1_trace,1.658,1.633,0.02499999999999991
TAGE-SC-L,TAGE-SCL,compress_7_trace,2.0384,2.0263,0.012100000000000222
TAGE-SC-L,TAGE-SCL,compress_6_trace,1.8788,1.8582,0.02059999999999995
TAGE-SC-L,TAGE-SCL,infra_7_trace,1.4115,1.4041,0.007400000000000073
TAGE-SC-L,TAGE-SCL,infra_6_trace,1.2048,1.19,0.014800000000000146
TAGE-SC-L,TAGE-SCL,infra_0_trace,1.2553,1.2453,0.010000000000000009
TAGE-SC-L,TAGE-SCL,infra_1_trace,0.3472,0.3743,-0.027100000000000013
TAGE-SC-L,TAGE-SCL,infra_11_trace,0.9942,0.9468,0.0474
TAGE-SC-L,TAGE-SCL,infra_10_trace,5.2213,5.1442,0.07710000000000061
TAGE-SC-L,TAGE-SCL,infra_15_trace,8.3148,8.2764,0.038399999999999324
TAGE-SC-L,TAGE-SCL,infra_14_trace,5.2755,5.1953,0.0802000000000005
TAGE-SC-L,TAGE-SCL,infra_4_trace,2.4266,2.3855,0.041100000000000136
TAGE-SC-L,TAGE-SCL,infra_5_trace,2.1961,2.2161,-0.020000000000000018
TAGE-SC-L,TAGE-SCL,infra_9_trace,4.5259,4.4643,0.06160000000000032
TAGE-SC-L,TAGE-SCL,infra_8_trace,1.2477,1.2587,-0.010999999999999899
TAGE-SC-L,TAGE-SCL,infra_12_trace,0.9739,0.9276,0.04630000000000001
TAGE-SC-L,TAGE-SCL,infra_13_trace,4.063,3.9686,0.09439999999999982
TAGE-SC-L,TAGE-SCL,infra_3_trace,1.0284,1.0135,0.014899999999999913
TAGE-SC-L,TAGE-SCL,infra_2_trace,0.4526,0.4805,-0.02789999999999998
TAGE-SC-L,TAGE-SCL,web_21_trace,1.5309,1.4569,0.07399999999999984
TAGE-SC-L,TAGE-SCL,web_20_trace,3.1869,3.1562,0.03069999999999995
TAGE-SC-L,TAGE-SCL,web_15_trace,5.0656,5.0241,0.04150000000000009
TAGE-SC-L,TAGE-SCL,web_0_trace,1.3299,1.3052,0.024700000000000166
TAGE-SC-L,TAGE-SCL,web_1_trace,3.2097,3.1889,0.020800000000000374
TAGE-SC-L,TAGE-SCL,web_18_trace,2.7196,2.7095,0.010099999999999998
TAGE-SC-L,TAGE-SCL,web_12_trace,3.9415,3.8768,0.0647000000000002
TAGE-SC-L,TAGE-SCL,web_13_trace,2.9537,2.9612,-0.00749999999999984
TAGE-SC-L,TAGE-SCL,web_7_trace,6.009,6.1046,-0.09559999999999924
TAGE-SC-L,TAGE-SCL,web_6_trace,4.5613,4.5376,0.023699999999999832
TAGE-SC-L,TAGE-SCL,web_16_trace,1.6055,1.5904,0.015099999999999891
TAGE-SC-L,TAGE-SCL,web_17_trace,1.4521,1.4197,0.032399999999999984
TAGE-SC-L,TAGE-SCL,web_2_trace,3.7474,3.7103,0.03709999999999969
TAGE-SC-L,TAGE-SCL,web_22_trace,3.2305,3.23,0.000500000000000167
TAGE-SC-L,TAGE-SCL,web_23_trace,1.0101,0.9623,0.047799999999999954
TAGE-SC-L,TAGE-SCL,web_9_trace,2.4648,2.4821,-0.017300000000000093
TAGE-SC-L,TAGE-SCL,web_8_trace,4.5731,4.5779,-0.004799999999999471
TAGE-SC-L,TAGE-SCL,web_11_trace,4.6736,4.7055,-0.03189999999999937
TAGE-SC-L,TAGE-SCL,web_10_trace,2.8395,2.8471,-0.007600000000000051
TAGE-SC-L,TAGE-SCL,web_4_trace,4.0201,4.014,0.006099999999999994
TAGE-SC-L,TAGE-SCL,web_5_trace,4.2642,4.2738,-0.009599999999999831
TAGE-SC-L,TAGE-SCL,web_25_trace,5.7951,5.713,0.08209999999999962
TAGE-SC-L,TAGE-SCL,web_24_trace,1.6777,1.6105,0.06719999999999993
TAGE-SC-L,TAGE-SCL,fp_9_trace,4.1115,4.1168,-0.005299999999999194
TAGE-SC-L,TAGE-SCL,fp_8_trace,7.467,7.3856,0.08139999999999947
TAGE-SC-L,TAGE-SCL,fp_3_trace,1.906,1.8767,0.02929999999999988
TAGE-SC-L,TAGE-SCL,fp_2_trace,2.5507,2.5338,0.016900000000000137
TAGE-SC-L,TAGE-SCL,fp_4_trace,0.5696,0.5247,0.04489999999999994
TAGE-SC-L,TAGE-SCL,fp_5_trace,0.9369,0.9252,0.011699999999999933
TAGE-SC-L,TAGE-SCL,fp_13_trace,12.4504,12.3153,0.13509999999999955
TAGE-SC-L,TAGE-SCL,fp_12_trace,1.0944,1.0969,-0.0024999999999999467
TAGE-SC-L,TAGE-SCL,fp_0_trace,3.2242,3.2161,0.008100000000000218
TAGE-SC-L,TAGE-SCL,fp_1_trace,15.5963,15.5537,0.04260000000000019
TAGE-SC-L,TAGE-SCL,fp_10_trace,1.9156,2.0052,-0.0895999999999999
TAGE-SC-L,TAGE-SCL,fp_11_trace,0.628,0.5807,0.04730000000000001
TAGE-SC-L,TAGE-SCL,fp_7_trace,1.0028,0.9648,0.03799999999999992
TAGE-SC-L,TAGE-SCL,int_11_trace,4.0381,3.8809,0.1572
TAGE-SC-L,TAGE-SCL,int_10_trace,0.5221,0.5222,-9.999999999998899e-05
TAGE-SC-L,TAGE-SCL,int_5_trace,2.8367,2.8235,0.013199999999999878
TAGE-SC-L,TAGE-SCL,int_4_trace,3.7664,3.6946,0.07180000000000009
TAGE-SC-L,TAGE-SCL,int_25_trace,1.3109,1.3297,-0.01880000000000015
TAGE-SC-L,TAGE-SCL,int_24_trace,0.5882,0.5115,0.07669999999999999
TAGE-SC-L,TAGE-SCL,int_32_trace,6.6269,6.3487,0.2782
TAGE-SC-L,TAGE-SCL,int_33_trace,7.6605,7.4416,0.21889999999999965
TAGE-SC-L,TAGE-SCL,int_35_trace,2.2551,2.0167,0.23839999999999995
TAGE-SC-L,TAGE-SCL,int_34_trace,2.9562,2.8455,0.11070000000000002
TAGE-SC-L,TAGE-SCL,int_16_trace,5.5268,5.8279,-0.3010999999999999
TAGE-SC-L,TAGE-SCL,int_17_trace,4.6916,4.8436,-0.15200000000000014
TAGE-SC-L,TAGE-SCL,int_28_trace,3.3954,3.2163,0.17910000000000004
TAGE-SC-L,TAGE-SCL,int_29_trace,11.716,11.4747,0.24129999999999896
TAGE-SC-L,TAGE-SCL,int_2_trace,10.7227,9.9876,0.7350999999999992
TAGE-SC-L,TAGE-SCL,int_3_trace,0.8168,0.7862,0.03059999999999996
TAGE-SC-L,TAGE-SCL,int_8_trace,5.7846,5.838,-0.05339999999999989
TAGE-SC-L,TAGE-SCL,int_22_trace,4.8095,4.2827,0.5267999999999997
TAGE-SC-L,TAGE-SCL,int_23_trace,3.3888,3.3033,0.08549999999999969
TAGE-SC-L,TAGE-SCL,int_31_trace,0.6166,0.6011,0.01550000000000007
TAGE-SC-L,TAGE-SCL,int_30_trace,12.1062,11.9056,0.20059999999999967
TAGE-SC-L,TAGE-SCL,int_18_trace,0.7357,0.6654,0.07030000000000003
TAGE-SC-L,TAGE-SCL,int_19_trace,0.7515,0.7618,-0.010300000000000087
TAGE-SC-L,TAGE-SCL,int_26_trace,1.2387,1.195,0.04369999999999985
TAGE-SC-L,TAGE-SCL,int_27_trace,0.8068,0.7727,0.03409999999999991
TAGE-SC-L,TAGE-SCL,int_12_trace,0.424,0.4037,0.020299999999999985
TAGE-SC-L,TAGE-SCL,int_13_trace,0.8891,0.8585,0.03059999999999996
TAGE-SC-L,TAGE-SCL,int_6_trace,2.9419,2.927,0.014899999999999913
TAGE-SC-L,TAGE-SCL,int_7_trace,4.3662,4.3978,-0.03160000000000007
TAGE-SC-L,TAGE-SCL,int_21_trace,23.7948,23.3263,0.4684999999999988
TAGE-SC-L,TAGE-SCL,int_20_trace,2.3512,2.3835,-0.03230000000000022
TAGE-SC-L,TAGE-SCL,int_15_trace,0.4705,0.462,0.008499999999999952
TAGE-SC-L,TAGE-SCL,int_14_trace,0.3844,0.3781,0.006300000000000028
TAGE-SC-L,TAGE-SCL,int_1_trace,11.4406,10.513,0.9276
TAGE-SC-L,TAGE-SCL,int_0_trace,5.0346,4.7498,0.2848000000000006
TAGE-SC-L,TAGE-SCL,int_36_trace,2.9342,3.0001,-0.06590000000000007
TAGE-SC-L,TAGE-SCL,media_3_trace,1.2518,1.2465,0.005300000000000082
TAGE-SC-L,TAGE-SCL,media_2_trace,0.5065,0.5057,0.0007999999999999119
TAGE-SC-L,TAGE-SCL,media_0_trace,1.0617,1.0511,0.010600000000000165
TAGE-SC-L,TAGE-SCL,media_1_trace,1.0357,1.0257,0.010000000000000009
